step,split,index,image,epe,rmse,median,valid_pixels,bad_0.5,bad_1,bad_2,bad_3,d1,valid_fraction
15000,train,0,0270.png,2.187084674835205,4.670455455780029,0.8157196044921875,443520.0,58.83207321166992,46.11065983772278,30.862870812416077,20.70797234773636,15.926451981067657,0.8555555555555555
15000,train,1,0733.png,1.63312566280365,4.293000221252441,0.5966033935546875,443520.0,54.97497320175171,34.2809796333313,17.245446145534515,11.370626091957092,10.128066688776016,0.8555555555555555
15000,train,2,0766.png,2.8064584732055664,5.806718826293945,0.6753215789794922,443520.0,55.04441857337952,43.89948546886444,32.83865451812744,26.669371128082275,20.267631113529205,0.8555555555555555
15000,train,3,0766.png,3.3361051082611084,5.6350531578063965,1.6434593200683594,443520.0,79.73755598068237,63.639068603515625,44.72041726112366,34.27872359752655,32.11151659488678,0.8555555555555555
15000,train,4,0766.png,3.0898773670196533,6.187937259674072,1.5317230224609375,443520.0,72.5076675415039,59.56957936286926,43.6253160238266,32.76199400424957,22.295500338077545,0.8555555555555555
15000,validation,0,0710.png,1.7875086069107056,4.277517795562744,0.49643707275390625,443520.0,49.87441301345825,37.64655590057373,24.205221235752106,15.587572753429413,10.68362221121788,0.8555555555555555
15000,validation,1,0367.png,3.6653740406036377,10.194601058959961,0.4265329837799072,415199.0,46.84187471866608,37.43000328540802,29.17901873588562,24.543651938438416,21.95790410041809,0.8009239969135803
15000,validation,2,0433.png,4.048936367034912,9.629470825195312,0.7106695175170898,443520.0,58.78990888595581,41.76970720291138,30.374053120613098,25.46965181827545,21.541982889175415,0.8555555555555555
15000,validation,3,0600.png,3.4035396575927734,6.531235218048096,1.2565317153930664,443520.0,70.10800242424011,55.25793433189392,39.85908329486847,31.39655590057373,29.260462522506714,0.8555555555555555
15000,validation,4,0800.png,3.350386381149292,7.304066181182861,1.364105224609375,443520.0,70.86512446403503,56.82066082954407,42.00757443904877,31.51988685131073,25.058847665786743,0.8555555555555555
