index,epe,rmse,median,valid_pixels,bad_0.5,bad_1,bad_2,bad_3,d1
0,102.28426361083984,117.12977600097656,118.322509765625,443520,99.26000833511353,98.74887466430664,97.87788391113281,97.08874225616455,95.18240690231323
1,96.59400177001953,111.33991241455078,115.4493408203125,443520,99.48029518127441,99.07580018043518,98.2794463634491,97.43123054504395,95.43538093566895
2,105.95894622802734,118.72340393066406,131.656494140625,443520,99.03116226196289,98.56398701667786,97.98633456230164,97.48309254646301,95.43944001197815
3,91.35002136230469,106.30835723876953,103.87195587158203,443520,98.68484139442444,97.87585735321045,96.71401381492615,95.80808281898499,93.75337958335876
4,93.72187805175781,107.46210479736328,93.04188537597656,443520,99.29044842720032,98.98922443389893,98.4970211982727,98.02489280700684,95.97357511520386
5,92.87487030029297,106.48689270019531,107.59042358398438,422006,99.71209168434143,99.42512512207031,98.78035187721252,98.11140298843384,95.657879114151
6,91.78131866455078,106.02696990966797,96.16556549072266,443520,98.99688959121704,98.35204482078552,97.52435088157654,96.85561060905457,94.83360648155212
7,89.5821304321289,103.50611877441406,106.0292739868164,443520,97.87179827690125,97.24138975143433,96.77669405937195,96.32079601287842,94.35876607894897
8,89.15902709960938,100.3895492553711,91.2146224975586,443520,99.73349571228027,99.4681179523468,98.95540475845337,98.44245910644531,96.81840538978577
9,101.96196746826172,117.3595199584961,126.85406494140625,443520,98.36084246635437,97.41409420967102,96.11855149269104,95.1839804649353,93.23976635932922
10,87.72976684570312,103.03539276123047,96.06144714355469,437279,98.79527688026428,98.2068657875061,97.31132984161377,96.62023782730103,94.64758038520813
11,101.61429595947266,116.08830261230469,120.98016357421875,443520,99.4699239730835,99.14998412132263,98.66431951522827,98.15701842308044,96.08473181724548
12,79.44071197509766,89.0477294921875,93.19319915771484,443520,99.72515106201172,99.4085967540741,98.8834798336029,98.3094334602356,96.10660076141357
13,100.77825927734375,115.88438415527344,117.35494232177734,443520,98.63771796226501,97.89953231811523,96.8154788017273,95.90548276901245,93.92113089561462
14,96.14115142822266,110.46949768066406,113.19110870361328,443520,99.60632920265198,99.23859238624573,98.54166507720947,97.82692790031433,95.83153128623962
15,102.82172393798828,116.25326538085938,129.3549346923828,443520,99.02912974357605,98.5960066318512,98.0681836605072,97.55929708480835,95.5323338508606
16,92.33637237548828,106.57770538330078,103.91510772705078,443520,98.75496029853821,97.877436876297,96.74129486083984,95.78102231025696,93.73331665992737
17,94.14511108398438,108.3252944946289,93.63436889648438,443520,98.86431097984314,98.47537875175476,97.89727926254272,97.34532833099365,95.00699043273926
18,91.73816680908203,105.64822387695312,103.48116302490234,425520,99.64796304702759,99.30696487426758,98.59959483146667,97.93969988822937,95.77246904373169
19,83.34141540527344,98.70122528076172,84.29116821289062,443520,97.70607948303223,96.61007523536682,95.4651415348053,94.52403783798218,92.62558817863464
20,90.41405487060547,104.03954315185547,109.21353149414062,443520,97.8733777999878,97.25176095962524,96.79878950119019,96.3063657283783,94.35245394706726
21,83.76657104492188,95.30414581298828,85.36660766601562,443520,99.76032376289368,99.50193762779236,99.02732968330383,98.54617714881897,96.75707817077637
22,100.58967590332031,116.24211883544922,123.79095458984375,443520,98.10132384300232,96.96812033653259,95.61282396316528,94.65187788009644,92.70449876785278
23,84.0418472290039,100.18545532226562,85.50440979003906,420754,98.56020212173462,97.85480499267578,96.96925282478333,96.23200297355652,94.19161677360535
24,98.89044952392578,113.7249984741211,115.02735900878906,443520,99.41874146461487,99.05731678009033,98.54143857955933,97.97866940498352,95.94448804855347
25,79.40837860107422,89.04691314697266,93.23001861572266,443520,99.71681237220764,99.39912557601929,98.89001846313477,98.31281304359436,96.11065983772278
26,99.31800079345703,112.24581146240234,110.7472915649414,443520,99.72447752952576,99.47285056114197,99.03656840324402,98.57729077339172,96.64592146873474
27,88.8770751953125,101.88753509521484,92.93955993652344,443520,99.74048733711243,99.47646260261536,98.94773364067078,98.42667579650879,96.5983510017395
28,89.16220092773438,104.48439025878906,94.03128051757812,443520,99.33711886405945,98.7536072731018,97.67789244651794,96.7155933380127,94.091135263443
29,100.55010223388672,115.18243408203125,122.13871002197266,443520,98.05149435997009,97.13812470436096,96.23962640762329,95.46694755554199,93.52430701255798
30,83.04045867919922,96.76360321044922,90.0185546875,443520,99.21491742134094,98.75969290733337,98.0555534362793,97.36945629119873,95.54089903831482
31,96.8654556274414,109.6546401977539,107.88485717773438,443520,99.11255240440369,98.42848181724548,97.56470918655396,96.85290455818176,94.9032723903656
32,99.13223266601562,112.41617584228516,108.73030090332031,443520,99.67104196548462,99.34388399124146,98.67221117019653,98.04315567016602,96.1268961429596
33,92.88053894042969,109.63777923583984,108.91694641113281,443520,98.11214804649353,97.3710298538208,96.36543989181519,95.41643857955933,93.04586052894592
34,97.40804290771484,112.72621154785156,112.56639862060547,443520,99.6920108795166,99.36034679412842,98.79960417747498,98.19805026054382,96.24594449996948
35,98.23080444335938,110.4666748046875,107.01361083984375,443520,99.64736700057983,99.27759766578674,98.74075651168823,98.24202060699463,96.07323408126831
36,104.6936264038086,118.97633361816406,124.90339660644531,443520,99.69133138656616,99.34388399124146,98.67266416549683,98.04901480674744,96.00716829299927
37,100.8803939819336,115.73164367675781,120.57305908203125,443520,99.48412775993347,99.11255240440369,98.48169088363647,97.85263538360596,95.91788649559021
38,104.0425033569336,117.85918426513672,123.11833953857422,443520,99.35560822486877,98.87242913246155,98.10966849327087,97.5304365158081,95.54067254066467
39,92.08023071289062,105.7750473022461,91.85926818847656,443520,99.6579647064209,99.39687252044678,98.94841313362122,98.49454164505005,96.57039046287537
40,87.65515899658203,101.16712951660156,93.05213928222656,443520,99.71568584442139,99.43113923072815,98.83117079734802,98.25554490089417,96.36363387107849
41,87.5998764038086,103.1972885131836,90.56635284423828,443520,99.30397868156433,98.68393540382385,97.63370156288147,96.73115015029907,93.95315051078796
42,100.1097412109375,114.70169067382812,120.76654052734375,443520,98.03120493888855,97.11986184120178,96.22654914855957,95.46401500701904,93.46590638160706
43,80.85460662841797,95.3485107421875,86.57215881347656,443520,98.9448070526123,98.42284321784973,97.67158031463623,96.92708253860474,95.04081010818481
44,93.84425354003906,106.962890625,99.48643493652344,443520,98.80524277687073,98.1335699558258,97.29437232017517,96.587073802948,94.63699460029602
45,98.25926971435547,111.28410339355469,107.77763366699219,443520,99.72763061523438,99.44173693656921,98.86792302131653,98.30402135848999,96.62923812866211
46,91.81818389892578,108.28829956054688,105.4072265625,443520,98.08216094970703,97.38501310348511,96.48696780204773,95.57471871376038,93.40548515319824
47,97.32755279541016,112.6466293334961,112.06214904785156,443520,99.65976476669312,99.30691123008728,98.66612553596497,98.03481101989746,96.09668254852295
48,99.33367919921875,111.30261993408203,107.71109771728516,443520,99.63135719299316,99.26204085350037,98.80343675613403,98.3416736125946,96.25834226608276
49,105.56542205810547,119.60064697265625,124.74253845214844,443520,99.68953132629395,99.35358166694641,98.7155020236969,98.10898900032043,96.059250831604
50,99.88818359375,114.92578125,118.76696014404297,443520,99.338698387146,98.91324043273926,98.21992516517639,97.54802584648132,95.41757106781006
51,103.39390563964844,117.31503295898438,122.22203063964844,443520,99.2872953414917,98.7513542175293,98.00843000411987,97.41612672805786,95.41395902633667
52,94.13607788085938,108.31847381591797,108.41490173339844,443520,99.65300559997559,99.33125972747803,98.70265126228333,98.1281578540802,96.12351059913635
53,97.8259506225586,110.93368530273438,110.06776428222656,443520,99.74093437194824,99.4994580745697,98.98335933685303,98.51619005203247,96.53815031051636
54,87.35187530517578,95.97706604003906,103.78108215332031,443520,99.72244501113892,99.45842623710632,98.83792996406555,98.26140999794006,96.1850643157959
55,88.6053237915039,99.18693542480469,106.15142822265625,443520,99.68253970146179,99.35966730117798,98.79960417747498,98.22240471839905,96.10096216201782
56,90.2252197265625,102.86133575439453,95.90727233886719,443520,99.41626191139221,99.04581308364868,98.43254089355469,97.85534143447876,95.93141078948975
57,81.82383728027344,95.06459045410156,87.60205078125,409777,99.63101744651794,99.29913282394409,98.61583113670349,97.92155027389526,94.63708400726318
58,90.33309936523438,101.66209411621094,115.307373046875,440798,99.7400164604187,99.47595000267029,98.91197085380554,98.3430027961731,96.16990089416504
59,81.72571563720703,94.79251098632812,84.43333435058594,437465,99.44109916687012,98.61657619476318,97.92692065238953,97.38584756851196,95.30659317970276
60,97.25425720214844,109.02887725830078,117.10128021240234,443520,99.68299269676208,99.39371347427368,98.66973161697388,98.0368435382843,96.04054093360901
61,75.99114227294922,90.2920150756836,84.36659240722656,395966,98.69256615638733,96.10925912857056,94.48689818382263,93.46837997436523,90.20925760269165
62,91.66130065917969,103.95919799804688,113.40684509277344,443520,99.54590797424316,98.73647093772888,97.98656105995178,97.46189713478088,95.43132185935974
63,32.10087203979492,55.232757568359375,12.630813598632812,443520,99.04153347015381,98.07900190353394,96.2145984172821,94.3427562713623,72.17194437980652
64,94.81382751464844,108.6906967163086,108.93606567382812,443520,99.61377382278442,99.26587343215942,98.57120513916016,97.9795753955841,96.00175619125366
65,97.3265609741211,110.06074523925781,108.51528930664062,443520,99.7837781906128,99.5526671409607,99.07850623130798,98.6255407333374,96.63329720497131
66,86.00591278076172,95.09355926513672,102.2501220703125,443520,99.66991543769836,99.35696125030518,98.71482849121094,98.14461469650269,96.12261056900024
67,86.6259765625,97.58576202392578,103.50833129882812,443520,99.63699579238892,99.29134845733643,98.70851635932922,98.13063740730286,96.05000615119934
68,88.00152587890625,101.00180053710938,92.8218765258789,443520,99.32246804237366,98.85732531547546,98.23796153068542,97.67158031463623,95.74946165084839
69,78.72589111328125,92.21300506591797,84.38701629638672,407561,99.56080317497253,99.17533993721008,98.38085770606995,97.59398102760315,94.41555738449097
70,86.169189453125,98.99040985107422,105.56898498535156,443520,99.68276619911194,99.31570291519165,98.71234893798828,98.15183281898499,95.94742059707642
71,81.34747314453125,94.48484802246094,83.94461059570312,436090,99.43773150444031,98.56818318367004,97.8816270828247,97.27120399475098,95.18929719924927
72,96.62648010253906,108.97661590576172,117.41474914550781,443520,99.61873292922974,99.285489320755,98.5673725605011,97.96897768974304,95.99635004997253
73,75.27124786376953,90.10873413085938,79.66056060791016,395156,98.74657392501831,96.56262397766113,94.78484392166138,93.68072152137756,91.40010476112366
74,86.7484130859375,99.5008544921875,99.04336547851562,443520,99.54162240028381,98.73038530349731,98.04744124412537,97.54148721694946,95.56930661201477
75,34.10316848754883,58.115814208984375,13.031539916992188,443520,99.12405014038086,98.27831983566284,96.52394652366638,94.68028545379639,72.96401262283325
76,76.7267837524414,92.42146301269531,70.54996490478516,443520,99.3445634841919,98.7127959728241,97.4109411239624,96.18213176727295,94.44647431373596
77,66.30082702636719,81.96087646484375,69.3836441040039,443520,99.29090142250061,98.62622022628784,97.14962244033813,95.72150111198425,89.27196264266968
78,87.69084930419922,100.07492065429688,97.74799346923828,417365,99.78675842285156,99.56393241882324,99.12187457084656,98.68772029876709,96.72900438308716
79,65.31244659423828,76.87442779541016,62.274658203125,439381,99.66338872909546,99.31881427764893,98.73412847518921,98.09004068374634,95.25514245033264
80,73.28485107421875,85.99466705322266,70.66946411132812,443520,99.56912994384766,99.1828978061676,98.51415753364563,97.86007404327393,95.54699063301086
81,83.66389465332031,98.5019760131836,96.62224578857422,443520,99.49765801429749,98.9062488079071,98.2735812664032,97.64136672019958,95.64123153686523
82,83.11077117919922,98.99694061279297,77.94866180419922,443520,99.6552586555481,99.34298396110535,98.73173832893372,98.15521240234375,95.96748948097229
83,93.45535278320312,108.35662841796875,102.5374755859375,443081,99.11370873451233,98.50546717643738,97.88187742233276,97.28717803955078,95.42747139930725
84,83.72663879394531,94.94007873535156,87.8603286743164,443520,99.66675639152527,99.33509230613708,98.63343238830566,97.98994660377502,95.93028426170349
85,87.58538818359375,98.3713607788086,93.25997924804688,443520,99.7515320777893,99.52042698860168,98.9707350730896,98.43524694442749,96.42496109008789
86,92.30559539794922,108.00704193115234,108.79481506347656,443520,99.60091710090637,99.20860528945923,98.35587739944458,97.51961827278137,95.50730586051941
87,85.26950073242188,100.2005844116211,85.5139389038086,443520,99.70147609710693,99.39619302749634,98.81628751754761,98.18587899208069,96.1931824684143
88,77.48766326904297,93.11239624023438,74.66883087158203,443520,99.33238625526428,98.65891337394714,97.21906781196594,95.94223499298096,94.11638975143433
89,65.76119232177734,81.24462127685547,66.1536865234375,443520,99.17951822280884,98.35317730903625,96.62450551986694,94.87531781196594,89.92987871170044
90,85.4807357788086,97.96714782714844,90.48448181152344,417054,99.7981071472168,99.57103729248047,99.1631805896759,98.7325370311737,96.77499532699585
91,66.97959899902344,79.3524398803711,62.0772705078125,437138,99.64221715927124,99.2828369140625,98.53913187980652,97.7453351020813,94.13251876831055
92,73.48593139648438,86.31834411621094,71.73631286621094,443520,99.63834881782532,99.27985072135925,98.64357709884644,97.96265959739685,95.63559889793396
93,79.0003890991211,94.0937728881836,90.56123352050781,443520,99.42234754562378,98.82711172103882,98.10786247253418,97.39628434181213,92.96627044677734
94,80.44511413574219,96.6445541381836,75.19013214111328,443520,99.56552386283875,99.22303557395935,98.55316281318665,97.90855050086975,95.92307209968567
95,96.16626739501953,110.9864501953125,110.172119140625,443067,99.26466941833496,98.78483414649963,98.15354943275452,97.56221771240234,95.64264416694641
96,81.55337524414062,93.28619384765625,85.28861236572266,443520,99.54320192337036,99.08865690231323,98.20368885993958,97.41252064704895,95.35804390907288
97,88.51140594482422,99.32923126220703,93.6513671875,443520,99.74544644355774,99.49156641960144,98.97163510322571,98.45756888389587,96.43511176109314
98,90.97423553466797,106.86849975585938,105.39665222167969,443520,99.60024356842041,99.18267726898193,98.34911823272705,97.54374027252197,95.4610824584961
99,84.18759155273438,99.26216125488281,81.87055206298828,443520,99.67758059501648,99.35741424560547,98.76601099967957,98.09050559997559,96.10795378684998
