step,loss,epe,elapsed_seconds
1,45.80500030517578,35.88127899169922,1.0049389369996788
2,41.411067962646484,32.5893669128418,1.1389099799998803
3,39.32526779174805,30.928529739379883,1.2668829979993461
4,40.137672424316406,31.62055778503418,1.3969749360003334
5,56.12033462524414,43.90687561035156,1.527032104000682
6,51.281463623046875,39.90297317504883,1.6608286470000166
7,53.31671905517578,41.55998229980469,1.9903468590018747
8,58.236114501953125,45.46991729736328,2.1158530510001583
9,39.21779251098633,30.645858764648438,2.250556245999178
10,34.996402740478516,27.568140029907227,2.381691677001072
11,40.67291259765625,31.878463745117188,2.5137765830004355
12,22.295841217041016,17.47338104248047,2.6462283660002868
13,150.51022338867188,116.66069030761719,2.7842597529997875
14,48.67873764038086,37.97086715698242,2.9185660990006
15,45.74275588989258,35.75467300415039,3.0550618849993043
16,33.01914978027344,26.0019474029541,3.190203537000343
17,23.645641326904297,18.745718002319336,3.323243853999884
18,29.966732025146484,23.595191955566406,3.4535153710021405
19,23.44402313232422,18.605358123779297,3.585729712001921
20,16.120880126953125,12.890657424926758,3.720025490001717
21,42.440982818603516,33.12345504760742,3.856517807002092
22,30.61141014099121,24.01145362854004,3.98724231199958
23,31.951141357421875,25.025266647338867,4.118439337002201
24,46.912353515625,36.60748291015625,4.250779505000537
25,35.49647521972656,27.725860595703125,4.381533791001857
26,19.264585494995117,15.30290412902832,4.517260913999053
27,19.27977752685547,15.29372501373291,4.652046259001509
28,16.842378616333008,13.425225257873535,4.787571892000415
29,23.365333557128906,18.40431785583496,4.922839737002505
30,16.81930923461914,13.38933277130127,5.05817865300196
31,18.012001037597656,14.313176155090332,5.189047047999338
32,17.010095596313477,13.545585632324219,5.322800264002581
33,21.5288143157959,17.10105323791504,5.453879777000111
34,62.54838562011719,48.56414031982422,5.589568864001194
35,14.99708366394043,11.973241806030273,5.721300118999352
36,17.11301040649414,13.626334190368652,5.8563674930010166
37,15.509180068969727,12.389237403869629,5.989930207000725
38,12.30282974243164,9.915142059326172,6.123417380000319
39,15.339462280273438,12.209495544433594,6.258069948999037
40,14.425411224365234,11.545801162719727,6.392029950002325
41,13.028130531311035,10.488375663757324,6.531596253000316
42,12.822824478149414,10.3214750289917,6.668086009001854
43,15.271210670471191,12.278143882751465,6.799771615002101
44,18.47739028930664,14.69687271118164,6.932507580000674
45,11.703516006469727,9.447397232055664,7.069451936000405
46,12.046577453613281,9.81091594696045,7.204917856000975
47,10.127893447875977,8.223345756530762,7.341950353002176
48,13.664266586303711,10.96352767944336,7.474837883000873
49,14.122405052185059,11.3115234375,7.607282698001654
50,14.98225212097168,12.009510040283203,7.746922813999845
51,12.903945922851562,10.340924263000488,7.8811820760020055
52,11.388607025146484,9.212231636047363,8.014292456999101
53,10.688541412353516,8.674689292907715,8.156187952001346
54,25.695131301879883,20.294057846069336,8.296545573000913
55,26.426074981689453,20.886987686157227,8.437558716999774
56,14.370752334594727,11.530691146850586,8.570588369999314
57,11.942567825317383,9.660707473754883,8.705405233999045
58,14.063421249389648,11.290335655212402,8.841365588999906
59,11.330179214477539,9.13465690612793,8.975392526001087
60,11.969585418701172,9.644173622131348,9.109069646001444
61,32.30186080932617,25.436847686767578,9.246766055999615
62,18.862165451049805,14.985306739807129,9.381490064999525
63,6.837285041809082,5.6929168701171875,9.510750907000329
64,13.534714698791504,10.891919136047363,9.643396165000013
65,10.80639362335205,8.763359069824219,9.775436619001994
66,13.523311614990234,10.849937438964844,9.90882647500257
67,104.45445251464844,80.71866607666016,10.044923787001608
68,18.267839431762695,14.50193977355957,10.177006149999215
69,10.287596702575684,8.321296691894531,10.310142964000988
70,12.999635696411133,10.529021263122559,10.461963100002322
71,10.545989036560059,8.534221649169922,10.598405638000258
72,10.982168197631836,8.914896965026855,10.727611915001035
73,10.55430793762207,8.57102108001709,10.860026525002468
74,14.530440330505371,11.641308784484863,10.992178870001226
75,8.32275676727295,6.847194671630859,11.129552454000077
76,35.45237731933594,27.78037452697754,11.263818818002619
77,19.04458236694336,15.138556480407715,11.397536145999766
78,11.393867492675781,9.208362579345703,11.532235956001387
79,10.463197708129883,8.48708724975586,11.66486864900071
80,17.206073760986328,13.703083038330078,11.798282977000781
81,6.935125827789307,5.707051753997803,11.939872027000092
82,8.511917114257812,6.978771686553955,12.072224191000714
83,18.990549087524414,15.044629096984863,12.205243446001987
84,11.69788932800293,9.475285530090332,12.336976680999214
85,10.586709976196289,8.588523864746094,12.468399015000614
86,6.4030938148498535,5.367431163787842,12.605390363001789
87,11.064030647277832,8.960556030273438,12.735384997999063
88,12.197397232055664,9.810452461242676,12.867473489000986
89,8.541193008422852,7.001564979553223,13.000032711999665
90,14.01243782043457,11.221007347106934,13.132850007001252
91,10.565062522888184,8.577113151550293,13.268347142999119
92,11.182365417480469,9.027403831481934,13.399628016999486
93,14.643326759338379,11.775854110717773,13.5308770010015
94,6.376252174377441,5.3373284339904785,13.669381399002305
95,6.182238578796387,5.165016174316406,13.802081894002185
96,10.252325057983398,8.353413581848145,13.933576816001732
97,7.031649112701416,5.800354957580566,14.068904318999557
98,60.25139617919922,46.77089309692383,14.201448632000393
99,16.218223571777344,12.925394058227539,14.333717675999651
100,8.033442497253418,6.581007480621338,14.464889614002459
101,7.753189563751221,6.407434463500977,14.598898650001502
102,6.54241943359375,5.491549015045166,14.736218909001764
103,47.491729736328125,36.95710372924805,14.872848765000526
104,7.191987991333008,5.977121829986572,15.005019146999985
105,8.437926292419434,6.921617031097412,15.140042817001813
106,12.045722961425781,9.703400611877441,15.271168998002395
107,80.94066619873047,62.771358489990234,15.404091245000018
108,4.868459701538086,4.138982772827148,15.53787109699988
109,9.965614318847656,8.069986343383789,15.672245036999811
110,12.145964622497559,9.762556076049805,15.80632426900047
111,11.052430152893066,8.930896759033203,15.940139058002387
112,6.577520370483398,5.436076641082764,16.070313416999852
113,17.42687225341797,13.861757278442383,16.20478187700064
114,11.989629745483398,9.727293014526367,16.33744634300092
115,16.5753173828125,13.244086265563965,16.4730295699992
116,9.797788619995117,7.972468852996826,16.606319829999848
117,5.946142196655273,5.033000469207764,16.73982035100198
118,10.225372314453125,8.382903099060059,16.871462818999134
119,16.932886123657227,13.487813949584961,17.00923920200148
120,12.630748748779297,10.178963661193848,17.14960811900164
121,5.454780101776123,4.591715335845947,17.28420157200162
122,5.8790507316589355,4.881825923919678,17.422347016999993
123,11.2388277053833,9.081963539123535,17.56458474700048
124,6.6281938552856445,5.564880847930908,17.707591803002288
125,6.208096981048584,5.205974578857422,17.838843288001954
126,11.19110107421875,9.042922973632812,17.971567962002155
127,6.059746265411377,5.090114116668701,18.104522313002235
128,7.31685209274292,6.0029520988464355,18.23627886000031
129,4.83903169631958,4.133282661437988,18.37040206900201
130,6.120352745056152,5.074659824371338,18.502096950000123
131,7.999294281005859,6.581362247467041,18.63347966800211
132,10.432414054870605,8.431614875793457,18.767463123000198
133,7.497739791870117,6.217157363891602,18.903253086002223
134,6.829975128173828,5.6625847816467285,19.036005422000017
135,6.620912075042725,5.533671855926514,19.170570666999993
136,11.01749324798584,8.917014122009277,19.30609017200186
137,7.27781867980957,6.013762474060059,19.440453677001642
138,5.887652397155762,4.956178665161133,19.573230113001046
139,5.827739715576172,4.905111312866211,19.705900696000754
140,8.710602760314941,7.0977959632873535,19.83624893600063
141,5.17798376083374,4.349440097808838,19.969100869002432
142,14.167021751403809,11.341591835021973,20.1053748359991
143,7.199001789093018,5.936003684997559,20.23719119100133
144,6.1430277824401855,5.137271881103516,20.368523594999715
145,5.939367771148682,4.965192794799805,20.50170549000177
146,6.195956707000732,5.166677951812744,20.638344072001928
147,70.68061828613281,54.762229919433594,20.776143533999857
148,4.068871974945068,3.55521559715271,20.917275821000658
149,16.91985321044922,13.423840522766113,21.051884466000047
150,9.737898826599121,7.925962924957275,21.18568568900082
151,9.168437957763672,7.497962474822998,21.322270736000064
152,8.279850006103516,6.855810642242432,21.457279047001066
153,12.062763214111328,9.690746307373047,21.588510257999587
154,8.812664985656738,7.169928550720215,21.721982269002183
155,7.307799816131592,6.055578231811523,21.86159303900058
156,5.2363600730896,4.40572452545166,22.001082287002646
157,3.494751453399658,3.092508316040039,22.137831390999054
158,6.736331939697266,5.635356903076172,22.271195762001298
159,13.447481155395508,10.810713768005371,22.403538590002427
160,9.887748718261719,8.047115325927734,22.53677105099996
161,12.398614883422852,10.020238876342773,22.669577307999134
162,8.05638313293457,6.674846172332764,22.80883189400265
163,9.26202392578125,7.542717933654785,22.94667028299955
164,8.523017883300781,6.992257118225098,23.07800902800227
165,23.049541473388672,18.18630599975586,23.212237173000176
166,4.74070405960083,4.023782730102539,23.34611520100225
167,6.081470012664795,5.081714153289795,23.480098176001775
168,6.828405380249023,5.654224395751953,23.613465877002454
169,5.854343414306641,4.93948221206665,23.745262552001805
170,3.8425042629241943,3.320545196533203,23.876517682001577
171,6.464394569396973,5.394250869750977,24.010101341002155
172,5.257368564605713,4.428435325622559,24.14127641899904
173,5.580298900604248,4.708780288696289,24.275084471999435
174,5.991646766662598,5.046472549438477,24.407295356999384
175,9.074339866638184,7.395988464355469,24.54569406000155
176,8.616717338562012,7.046944618225098,24.678335071999754
177,5.131241798400879,4.328813552856445,24.81145618500159
178,3.6428544521331787,3.173553943634033,24.945976383001835
179,6.916154861450195,5.720424652099609,25.080390070001158
180,4.426408767700195,3.756836175918579,25.218608916999074
181,4.2137064933776855,3.610948085784912,25.36820150100175
182,11.172508239746094,9.006058692932129,25.502425921000395
183,11.493927955627441,9.256392478942871,25.641965637001704
184,9.0382080078125,7.35406494140625,25.77720052299992
185,12.772886276245117,10.188508987426758,25.913741660002415
186,4.593111038208008,3.864393711090088,26.04950180400192
187,7.235304832458496,5.975133895874023,26.178278536001017
188,41.75884246826172,32.553104400634766,26.30926989300133
189,6.004957675933838,5.029850959777832,26.444104359001358
190,9.892404556274414,8.034448623657227,26.587162067000463
191,3.9353256225585938,3.3941574096679688,26.720564490999095
192,14.385526657104492,11.498856544494629,26.852104734000022
193,4.411372184753418,3.729449987411499,26.98256930000207
194,3.7140660285949707,3.211944341659546,27.11399791900112
195,3.804741621017456,3.3178062438964844,27.245297318000667
196,8.018558502197266,6.576082229614258,27.381491455002106
197,3.5106894969940186,3.0089340209960938,27.514398851002625
198,7.776189804077148,6.3561177253723145,27.645907644000545
199,5.92129373550415,4.930387496948242,27.775352962999023
200,7.829832077026367,6.399718284606934,27.916418747001444
201,5.568716526031494,4.687340259552002,28.053279007999663
202,12.54034423828125,10.128968238830566,28.185849747002067
203,7.137521743774414,5.847219944000244,28.317291774001205
204,4.782987594604492,4.058495044708252,28.44377650200113
205,6.133053779602051,5.1100873947143555,28.57137763600258
206,7.484816551208496,6.150156497955322,28.703426158001093
207,6.147193908691406,5.124006748199463,28.831904588001635
208,10.033761978149414,8.100688934326172,28.97749607100195
209,3.130725860595703,2.746544361114502,29.125002834000043
210,64.98343658447266,50.344173431396484,29.269968183001765
211,6.80143928527832,5.619767665863037,29.41083915800118
212,3.555593967437744,3.031216859817505,29.53935179900145
213,5.538300037384033,4.668388843536377,29.668037671999627
214,5.485333442687988,4.584778785705566,29.801559326999268
215,3.3695738315582275,2.891493558883667,29.93271029600146
216,3.044766664505005,2.653285503387451,30.06537493400174
217,10.978191375732422,8.884491920471191,30.20155740300106
218,4.6348137855529785,3.9544007778167725,30.333652879999136
219,2.5928494930267334,2.378558874130249,30.46906055100044
220,5.76082706451416,4.811342239379883,30.607751735999045
221,10.86519718170166,8.736275672912598,30.740527206002298
222,3.5008296966552734,3.0055348873138428,30.872532248002244
223,5.002322196960449,4.211642265319824,31.002467556001648
224,3.475421905517578,3.0236363410949707,31.135651628999767
225,9.510363578796387,7.700592517852783,31.264365629001986
226,3.435539960861206,2.9999592304229736,31.397781635001593
227,4.530525207519531,3.90171480178833,31.536032561001775
228,4.47684907913208,3.8283445835113525,31.665674397001567
229,6.1081132888793945,5.068199634552002,31.796169650002412
230,4.482458114624023,3.8189375400543213,31.928711045002274
231,4.623236656188965,3.9627346992492676,32.06385502199919
232,5.908059597015381,4.854565143585205,32.19703934499921
233,9.843475341796875,8.003536224365234,32.336454157000844
234,2.659818410873413,2.4002327919006348,32.46721773900208
235,2.5059988498687744,2.2655906677246094,32.599932061999425
236,13.136126518249512,10.560445785522461,32.73342896300164
237,2.356963872909546,2.1541218757629395,32.86269448200255
238,4.317117691040039,3.732274055480957,32.994469021999976
239,3.3707165718078613,2.954575300216675,33.14547378399948
240,2.755995750427246,2.4279212951660156,33.2788354660006
241,6.504695892333984,5.38680362701416,33.40998019499966
242,4.879135608673096,4.097918510437012,33.538830535999296
243,4.832719802856445,4.068994998931885,33.66909840500011
244,5.388674259185791,4.529623508453369,33.79868583700227
245,3.7016801834106445,3.143949508666992,33.927436355999816
246,4.769550323486328,4.056337833404541,34.055497012999695
247,9.268376350402832,7.5290913581848145,34.182793889001914
248,5.7970099449157715,4.822213172912598,34.31419065999944
249,4.271790504455566,3.6806087493896484,34.442108728002495
250,4.437913417816162,3.717634916305542,34.57332776200201
251,10.294694900512695,8.38855266571045,34.70672648600157
252,9.55281925201416,7.761889457702637,34.8453576810025
253,4.828969955444336,4.088330268859863,34.978379288000724
254,5.151621341705322,4.337074279785156,35.11194225399959
255,3.4847750663757324,2.9893221855163574,35.24620359099936
256,3.955211639404297,3.3978588581085205,35.37554617800197
257,59.6251220703125,46.255428314208984,35.50845175900031
258,3.5831823348999023,3.0881829261779785,35.63980374899984
259,3.9918136596679688,3.392836093902588,35.77976825500082
260,3.623873472213745,3.138638496398926,35.91931975600164
261,5.325773239135742,4.430572986602783,36.053039064001496
262,11.096290588378906,8.973610877990723,36.18726954000158
263,2.4350640773773193,2.218165874481201,36.33181193600103
264,9.985715866088867,8.031185150146484,36.46330094000223
265,7.43760871887207,6.1020379066467285,36.593707650001306
266,4.877555847167969,4.1033453941345215,36.724456145999284
267,30.925067901611328,24.2163143157959,36.85681057600232
268,4.097052097320557,3.517094373703003,36.988925064000796
269,4.90998649597168,4.109392166137695,37.12176736400215
270,2.76664662361145,2.443910837173462,37.25126955700034
271,4.703495025634766,3.982433795928955,37.38336089800214
272,4.092374801635742,3.4977166652679443,37.512267629001144
273,6.22601842880249,5.168399333953857,37.65146539100169
274,7.143589973449707,5.895780086517334,37.781257128001016
275,41.974525451660156,32.72894287109375,37.9162492630021
276,2.2465388774871826,2.077730894088745,38.052840312000626
277,5.318504810333252,4.411410331726074,38.18822474099943
278,5.859108924865723,4.8348069190979,38.324486679000984
279,2.8291049003601074,2.4365811347961426,38.456482928002515
280,2.6136035919189453,2.310516834259033,38.58748293300232
281,3.5554018020629883,3.1192283630371094,38.71825074899971
282,4.323001861572266,3.6645054817199707,38.85742121899966
283,6.569053649902344,5.402820587158203,38.98700041200209
284,4.486562728881836,3.8168017864227295,39.1172647170024
285,4.660177230834961,3.955427885055542,39.2507525200017
286,5.249835968017578,4.379337787628174,39.38398616199993
287,2.9574599266052246,2.567481279373169,39.51769136900111
288,2.5526247024536133,2.267900228500366,39.65107579300093
289,2.6642022132873535,2.318713665008545,39.78657738900074
290,4.271666526794434,3.618708848953247,39.920521899999585
291,2.817639112472534,2.458981990814209,40.05273426900021
292,4.719298362731934,3.9703330993652344,40.182662752002216
293,3.8201944828033447,3.2446346282958984,40.31695497100009
294,8.138381004333496,6.653901100158691,40.44870875900233
295,5.274452209472656,4.409088134765625,40.58282549700016
296,2.752484083175659,2.4454853534698486,40.718245309999475
297,3.3385753631591797,2.844766139984131,40.8522379749993
298,2.859764575958252,2.485617160797119,40.98807357199985
299,8.12817668914795,6.651534557342529,41.11894833500264
300,3.842510938644409,3.2633211612701416,41.251328197002294
301,5.058487892150879,4.180601596832275,41.38153481300105
302,3.856048107147217,3.33359694480896,41.514400969001144
303,3.575469970703125,3.11110258102417,41.64718146499945
304,3.117511510848999,2.6646785736083984,41.78027593300067
305,3.0304927825927734,2.7051548957824707,41.911378462002176
306,5.657474517822266,4.711075305938721,42.04487796200192
307,2.0923213958740234,1.9382225275039673,42.17993666800248
308,3.5210673809051514,3.055941581726074,42.324844896000286
309,3.759272575378418,3.2422358989715576,42.460843173001194
310,5.674398422241211,4.709264278411865,42.59865565200016
311,2.6678507328033447,2.343334913253784,42.73411163300261
312,3.355222702026367,2.8828275203704834,42.87279669000054
313,3.313767433166504,2.8472628593444824,43.01049546899958
314,4.8750200271606445,4.111490249633789,43.167058081002324
315,2.3200864791870117,2.1600606441497803,43.303213787999994
316,3.057469367980957,2.6824066638946533,43.44309135000003
317,8.756505012512207,7.110864639282227,43.57878025500031
318,2.5564961433410645,2.268310308456421,43.71173927400014
319,2.7319321632385254,2.4046473503112793,43.844909670999186
320,2.893596649169922,2.6024670600891113,43.97605345199918
321,4.504475116729736,3.7877907752990723,44.10697437700219
322,3.9452524185180664,3.409820795059204,44.23747430200092
323,5.881396293640137,4.8777031898498535,44.365439282002626
324,5.59835147857666,4.618835926055908,44.49468552300095
325,1.9995365142822266,1.8863790035247803,44.62660997900093
326,2.8785903453826904,2.5319082736968994,44.758830509999825
327,9.545539855957031,7.717249393463135,44.89569192899944
328,6.968101978302002,5.783994197845459,45.027591599002335
329,4.82952880859375,4.066879749298096,45.16064903200095
330,2.839048385620117,2.4757332801818848,45.291597602001275
331,4.246705055236816,3.6235053539276123,45.42008088100192
332,8.699952125549316,7.097070217132568,45.55171299200083
333,4.289837837219238,3.562431573867798,45.686508007001976
334,5.100684642791748,4.275787830352783,45.81986384500124
335,2.8502352237701416,2.462751865386963,45.950720065000496
336,3.4678497314453125,3.008543014526367,46.07912717799991
337,2.078089952468872,1.8669744729995728,46.212791732999904
338,3.15303897857666,2.6818037033081055,46.34282587800044
339,29.95439910888672,23.467294692993164,46.473530807001225
340,8.518937110900879,6.950162887573242,46.60043996400054
341,2.1851961612701416,1.9878443479537964,46.72649216100035
342,9.089886665344238,7.298229217529297,46.85357140300039
343,2.568638801574707,2.218510150909424,46.98156834300244
344,3.1778173446655273,2.825711250305176,47.1180246469994
345,3.9819135665893555,3.3584694862365723,47.247915877000196
346,3.8818371295928955,3.2956082820892334,47.37818927000262
347,3.2836053371429443,2.857445240020752,47.50803181300216
348,5.152245998382568,4.335479259490967,47.63113931499902
349,2.281783103942871,2.022437572479248,47.75741984600245
350,2.443140745162964,2.113560199737549,47.88823816600052
351,5.498197078704834,4.532515048980713,48.018702306002524
352,3.7753231525421143,3.242933750152588,48.149720229001105
353,3.31306529045105,2.884526252746582,48.27955337000094
354,2.497317314147949,2.199226140975952,48.40987419200246
355,1.9952908754348755,1.8804080486297607,48.54751579100048
356,3.5365517139434814,3.02968692779541,48.67771212200023
357,3.7764830589294434,3.2463269233703613,48.807188325001334
358,4.84316873550415,4.036908149719238,48.93507238299935
359,51.73396301269531,39.99372863769531,49.0620107600007
360,5.441784858703613,4.508364677429199,49.19034690000262
361,4.416213035583496,3.7349250316619873,49.32283252900015
362,3.137356758117676,2.695896863937378,49.44583195499945
363,5.238995552062988,4.369775772094727,49.57128543500221
364,6.10057258605957,5.022147178649902,49.70189189600205
365,2.5578808784484863,2.2934792041778564,49.83256507600163
366,45.06559753417969,34.955909729003906,49.96687550600109
367,4.174395561218262,3.5870108604431152,50.1066166290002
368,2.1833133697509766,1.926763892173767,50.23861054000008
369,3.7724294662475586,3.3093249797821045,50.36938595200263
370,3.6457901000976562,3.1392054557800293,50.50875649500085
371,5.006776809692383,4.229921340942383,50.643580255000415
372,8.175074577331543,6.691479682922363,50.77621562100103
373,8.338656425476074,6.7554545402526855,50.91040596200037
374,9.29503345489502,7.494225025177002,51.04026406599951
375,4.206787109375,3.5345592498779297,51.17085607500121
376,3.5298800468444824,2.991039276123047,51.301129714000126
377,2.447218894958496,2.1305220127105713,51.43459425200126
378,3.564998149871826,3.0934038162231445,51.57050958000036
379,2.3084299564361572,2.0228054523468018,51.706870549001906
380,4.454126358032227,3.7340846061706543,51.850533970999095
381,4.398633003234863,3.722787618637085,51.989066787999036
382,1.773437261581421,1.6388477087020874,52.12843210400024
383,22.871784210205078,17.996049880981445,52.28411247400072
384,3.9163217544555664,3.291975498199463,52.41723295200063
385,2.9705073833465576,2.5236656665802,52.549833791999845
386,2.377422332763672,2.0941321849823,52.68034511299993
387,7.269335746765137,5.959116458892822,52.81194615400091
388,5.606363296508789,4.718379020690918,52.955681692001235
389,2.338939666748047,2.0627248287200928,53.09171295700071
390,4.523525238037109,3.786139726638794,53.23512142300024
391,2.2916042804718018,2.015348196029663,53.37673080999957
392,8.576881408691406,7.0234761238098145,53.52138629500041
393,8.556022644042969,6.995137691497803,53.66329101299925
394,3.4408066272735596,3.0147440433502197,53.80358803800118
395,2.3338234424591064,2.053682565689087,53.94801085600193
396,1.8475899696350098,1.707737684249878,54.08442487100183
397,6.7776079177856445,5.569279670715332,54.22232314000212
398,3.6512722969055176,3.1621408462524414,54.357755355002155
399,5.281095504760742,4.384545803070068,54.49249701200097
400,3.824469566345215,3.280519723892212,54.639383704001375
401,4.616643905639648,3.8796799182891846,54.780576999000914
402,3.1877589225769043,2.8175604343414307,54.920599806999235
403,6.633423805236816,5.504096508026123,55.05493877000117
404,8.165031433105469,6.665797233581543,55.19006835899927
405,2.32216215133667,2.0740251541137695,55.32638003200191
406,2.2479453086853027,2.0020923614501953,55.46381788299914
407,1.8667349815368652,1.660634160041809,55.60235049300172
408,1.766583800315857,1.6975033283233643,55.748300744002336
409,2.580028533935547,2.22847318649292,55.88827944500008
410,4.986234664916992,4.15644645690918,56.028664224999375
411,8.340007781982422,6.729934215545654,56.16475595000156
412,1.8185906410217285,1.6222717761993408,56.30244486000083
413,2.7804174423217773,2.4872686862945557,56.43633751900052
414,3.704625129699707,3.19097638130188,56.58047523500136
415,4.524003505706787,3.7681078910827637,56.7194582810007
416,3.047819137573242,2.664746046066284,56.86110891000135
417,3.1569008827209473,2.7635490894317627,57.00249171000178
418,4.610074996948242,3.8644397258758545,57.14798977399914
419,3.774237871170044,3.211143970489502,57.28872429400144
420,1.9178732633590698,1.7062963247299194,57.42754468000203
421,3.629664421081543,3.112631320953369,57.567020337999566
422,3.9553332328796387,3.315432548522949,57.70539305800048
423,3.2831039428710938,2.812805652618408,57.84450202500011
424,3.8295955657958984,3.2330214977264404,57.97882301000209
425,2.2428505420684814,1.9319590330123901,58.11239721500169
426,3.02632474899292,2.682959794998169,58.24949093500254
427,3.0413811206817627,2.668555498123169,58.395659945999796
428,1.5200908184051514,1.4339499473571777,58.53633207299936
429,23.465049743652344,18.39676856994629,58.67310625400205
430,7.847846031188965,6.36687707901001,58.81670788300107
431,2.9556570053100586,2.582338809967041,58.95395039700088
432,1.443231463432312,1.3051429986953735,59.0971678829992
433,2.5203750133514404,2.276599407196045,59.23636225299924
434,3.0395100116729736,2.662242889404297,59.37502776200199
435,3.262185573577881,2.8185408115386963,59.51334217100157
436,2.7216694355010986,2.32808256149292,59.64779849300248
437,2.7636728286743164,2.4395387172698975,59.78091204000157
438,2.2993690967559814,2.0286498069763184,59.91791601500154
439,1.6206345558166504,1.5275840759277344,60.06057579499975
440,2.6534557342529297,2.3573691844940186,60.22001033700144
441,7.388408660888672,6.0441365242004395,60.360108307999326
442,2.5695862770080566,2.323835611343384,60.49449810200167
443,2.3706412315368652,2.0940396785736084,60.62870808700245
444,9.223786354064941,7.391350746154785,60.7623657740005
445,3.1602678298950195,2.7191240787506104,60.89509385600104
446,1.889066219329834,1.6942272186279297,61.02767592600139
447,3.8023629188537598,3.2088303565979004,61.157962134002446
448,2.261516571044922,1.9596099853515625,61.2949117370008
449,1.5543211698532104,1.4503415822982788,61.42814845400062
450,2.0854201316833496,1.8432652950286865,61.5627267810014
451,2.9815785884857178,2.6215202808380127,61.705312813999626
452,3.764011859893799,3.1991665363311768,61.84194051400118
453,6.894325256347656,5.7119598388671875,61.976050442001
454,2.737290382385254,2.332202672958374,62.11104837400126
455,2.1824228763580322,1.93276846408844,62.238670763999835
456,4.404910087585449,3.7066152095794678,62.36910745999921
457,1.7128931283950806,1.588959813117981,62.50786345600136
458,7.6209716796875,6.172451019287109,62.64401089400053
459,3.8788516521453857,3.234110116958618,62.77892427199913
460,7.545924663543701,6.175466060638428,62.90993695200086
461,7.1032233238220215,5.8454484939575195,63.04307372800031
462,4.2706828117370605,3.6199347972869873,63.17356712699984
463,3.1694741249084473,2.721299409866333,63.30772358300237
464,6.188405990600586,5.1323466300964355,63.43984498899954
465,2.1373889446258545,1.8777931928634644,63.56479172300169
466,3.654101610183716,3.150020122528076,63.68941022400031
467,4.09296989440918,3.440706968307495,63.81789692000166
468,3.229093551635742,2.7974672317504883,63.95010045399977
469,2.069632053375244,1.858530879020691,64.0846753850019
470,2.7481679916381836,2.3788228034973145,64.21830889299963
471,2.081411838531494,1.80990731716156,64.34949579599925
472,4.436590671539307,3.792412757873535,64.47875982999903
473,4.275661468505859,3.61804461479187,64.6122171820025
474,20.399272918701172,16.10682487487793,64.74498179200236
475,5.383429050445557,4.495481014251709,64.87725192600192
476,3.478339195251465,3.0143520832061768,65.00919426600012
477,4.089641094207764,3.4305145740509033,65.14561921000131
478,4.17335319519043,3.4994373321533203,65.28020849400127
479,2.3735785484313965,2.0735673904418945,65.41144253200036
480,58.37186813354492,45.2012939453125,65.5430301209999
481,1.4968465566635132,1.4091479778289795,65.67717898699993
482,3.091671943664551,2.7675373554229736,65.81051957399904
483,3.055098533630371,2.6639902591705322,65.94666706100179
484,3.26438570022583,2.7316184043884277,66.0801217670014
485,1.6622216701507568,1.4676798582077026,66.21602151600018
486,38.88683319091797,30.11651611328125,66.35016390099918
487,2.906463146209717,2.5322413444519043,66.48260204799953
488,5.4969000816345215,4.531106948852539,66.6148028839998
489,3.436062812805176,2.915766477584839,66.74862577100066
490,7.8258514404296875,6.387423992156982,66.88537685700067
491,5.085734844207764,4.229111194610596,67.01833189299941
492,1.9586167335510254,1.72574782371521,67.15496725400226
493,3.1336567401885986,2.7157914638519287,67.2867562240026
494,4.518211841583252,3.7948720455169678,67.41934807000143
495,2.5886447429656982,2.273639678955078,67.54923607000092
496,4.62469482421875,3.887573480606079,67.68153661399992
497,2.086376905441284,1.8940492868423462,67.81268233499941
498,6.199887275695801,5.121293067932129,67.94798318800167
499,3.0565900802612305,2.607954502105713,68.08369485000003
500,1.7307509183883667,1.6524803638458252,68.23199536500033
