step,loss,epe,rmse,bad_1.0,bad_2.0,d1_all,lr,elapsed_s
1,4548.86865,133.73569,146.99062,99.513,99.091,95.728,0.000200,1.90
50,28.02896,6.90149,8.79569,89.958,80.696,63.491,0.000200,19.66
100,11.93328,3.55620,4.84506,78.509,61.481,40.040,0.000200,37.58
150,10.72728,3.42706,4.52370,82.935,62.139,36.535,0.000200,55.51
200,7.19906,2.27636,3.43300,64.022,40.502,20.229,0.000200,73.51
250,6.95126,2.02662,3.58826,54.543,32.115,17.622,0.000200,91.57
300,5.56077,1.78539,2.90412,53.648,29.099,13.907,0.000200,109.76
350,5.03569,1.65601,2.67115,52.983,23.259,12.379,0.000200,127.87
400,4.98842,1.56812,2.74482,45.592,23.364,11.827,0.000200,146.12
450,4.60728,1.52879,2.48960,47.480,22.024,10.700,0.000200,164.50
500,4.22652,1.34833,2.40712,37.187,16.361,8.979,0.000200,182.94
550,4.36152,1.43114,2.45139,42.854,18.335,9.237,0.000200,201.63
600,4.71746,1.35325,2.85657,35.931,13.877,8.239,0.000200,220.16
650,3.64660,1.15543,2.18099,31.452,13.004,7.421,0.000200,242.43
700,4.47903,1.31427,2.72785,37.074,12.897,7.279,0.000200,261.12
750,4.07882,1.32018,2.35927,37.484,16.355,8.167,0.000200,279.82
800,3.63631,1.13732,2.20321,30.841,13.572,7.626,0.000200,298.47
850,3.89560,1.24307,2.32789,34.460,12.766,7.844,0.000200,317.07
900,3.71778,1.12779,2.31863,28.482,10.816,7.028,0.000200,335.69
950,3.66337,1.20833,2.15529,36.338,13.592,7.233,0.000200,354.56
1000,3.59926,1.14900,2.17030,30.638,11.945,7.000,0.000200,373.34
1050,4.27322,1.21465,2.71988,28.835,12.823,7.711,0.000200,392.13
1100,3.12589,0.95869,1.96545,23.739,10.903,6.466,0.000200,410.89
1150,3.42409,1.10613,2.06855,30.312,12.173,6.697,0.000200,429.73
1200,3.44889,1.06709,2.14747,28.574,10.349,6.569,0.000200,448.51
1250,3.24861,0.98781,2.10949,23.869,10.131,6.024,0.000200,467.28
1300,3.27951,1.03536,2.02139,24.499,10.040,6.311,0.000200,486.10
1350,2.95926,0.89328,1.91857,19.237,9.585,6.281,0.000200,505.06
1400,3.01157,0.93743,1.88966,23.929,10.470,6.030,0.000200,523.83
1450,2.94100,0.91455,1.85410,20.522,9.293,5.887,0.000200,542.59
1500,2.83997,0.89983,1.76769,23.745,9.045,5.160,0.000200,561.39
1550,3.46909,0.92684,2.42754,18.569,8.856,5.929,0.000200,580.34
1600,3.40047,0.90720,2.38692,18.682,8.587,5.731,0.000200,599.14
1650,2.92638,0.90513,1.82694,22.364,9.497,5.948,0.000200,617.94
1700,3.46800,0.95980,2.36268,19.301,8.375,5.555,0.000200,636.72
1750,2.71123,0.81909,1.78759,15.870,8.328,5.447,0.000200,655.66
1800,2.65057,0.80231,1.72262,16.439,8.326,5.483,0.000200,674.62
1850,3.07158,0.99963,1.80315,30.788,10.056,5.467,0.000200,693.74
1900,3.72568,1.01937,2.51230,22.801,10.408,5.907,0.000200,712.70
1950,2.86859,0.90541,1.78748,19.088,8.481,5.454,0.000200,731.74
2000,2.85334,0.91513,1.76852,21.704,9.818,5.512,0.000200,750.70
2050,2.63209,0.81524,1.68746,17.122,7.991,5.010,0.000200,769.69
2100,2.52202,0.75443,1.66696,13.590,7.709,5.045,0.000200,788.64
2150,3.08616,0.81107,2.21507,15.737,7.860,5.107,0.000200,807.64
2200,2.63670,0.81214,1.67886,17.333,7.866,5.161,0.000200,827.65
2250,3.30221,0.91604,2.23317,20.635,7.872,5.154,0.000200,849.09
2300,2.74153,0.86481,1.69571,19.844,8.138,5.117,0.000200,869.43
2350,2.50327,0.75427,1.64448,14.030,7.455,4.840,0.000200,890.08
2400,2.63686,0.82223,1.65170,17.799,8.229,4.795,0.000200,909.82
2450,2.64021,0.83004,1.65142,21.533,8.175,4.827,0.000200,929.80
2500,3.25031,0.91458,2.18806,20.852,8.033,5.114,0.000200,949.64
2550,3.18740,0.83619,2.26388,14.139,7.483,4.949,0.000200,969.67
2600,2.27465,0.67309,1.53042,13.056,6.761,4.273,0.000200,989.61
2650,2.33724,0.68667,1.57561,15.761,7.527,4.589,0.000200,1009.97
2700,2.31641,0.67932,1.56274,14.470,6.872,4.469,0.000200,1030.06
2750,2.25994,0.66356,1.51414,12.973,6.928,4.348,0.000200,1053.67
2800,2.86885,0.75437,2.05964,14.607,7.330,4.673,0.000200,1073.45
2850,2.54063,0.73993,1.72834,15.623,7.291,4.705,0.000200,1093.28
2900,2.91633,0.76290,2.11752,15.124,6.997,4.502,0.000200,1113.15
2950,2.41606,0.73251,1.59796,17.319,7.226,4.479,0.000200,1134.34
3000,2.35744,0.69466,1.56494,13.492,7.056,4.533,0.000200,1155.85
