index,latency_ms,epe,rmse,median,valid_pixels,bad_0.5,bad_1,bad_2,bad_3,d1,valid_fraction
0.0,55.046342000423465,1.2877252101898193,4.063370227813721,0.18932342529296875,443520.0,29.11548614501953,19.91206705570221,12.828058004379272,8.940521627664566,8.63320678472519,0.8555555555555555
1.0,54.621439001493854,1.0531941652297974,4.005818843841553,0.16522216796875,443520.0,24.47691261768341,15.445977449417114,9.590548276901245,6.868010759353638,6.5983496606349945,0.8555555555555555
2.0,55.95301900029881,1.5717028379440308,4.4793009757995605,0.22490692138671875,443520.0,34.02710258960724,24.954454600811005,17.10227280855179,12.525252997875214,12.225829809904099,0.8555555555555555
3.0,54.084239000076195,0.8851407766342163,2.474102258682251,0.17146682739257812,443520.0,25.51497220993042,16.19025021791458,9.988951683044434,7.334505766630173,7.07724541425705,0.8555555555555555
4.0,55.32225800197921,1.2822258472442627,4.426290988922119,0.18297195434570312,443520.0,26.079320907592773,19.033189117908478,12.930871546268463,9.237689524888992,8.743010461330414,0.8555555555555555
5.0,58.35655099872383,0.7278856039047241,2.4506208896636963,0.14777755737304688,443520.0,20.441018044948578,12.459415942430496,7.192685455083847,4.676677659153938,4.4309161603450775,0.8555555555555555
6.0,59.12503899889998,1.5220754146575928,4.339768886566162,0.35660743713378906,443520.0,42.138123512268066,27.51578390598297,15.772682428359985,11.041215807199478,10.757125169038773,0.8555555555555555
7.0,59.384250998846255,0.8485177755355835,2.579610586166382,0.2220935821533203,443520.0,27.510371804237366,15.320391952991486,8.22104960680008,5.30460849404335,5.075306817889214,0.8555555555555555
8.0,58.77668800167157,4.285036087036133,10.956628799438477,0.40875244140625,443520.0,46.371302008628845,35.94606816768646,27.905845642089844,23.372790217399597,19.280077517032623,0.8555555555555555
9.0,58.706584000901785,1.0620007514953613,3.2811481952667236,0.24042654037475586,443520.0,31.12892210483551,19.452109932899475,10.610119253396988,6.4772725105285645,6.199945881962776,0.8555555555555555
10.0,63.66702100058319,2.1505322456359863,6.128025054931641,0.3377838134765625,422006.0,41.13425016403198,29.801946878433228,22.096605598926544,17.62605309486389,15.859964489936829,0.8140547839506173
11.0,59.679132002202095,2.1455788612365723,6.987946510314941,0.2526512145996094,413450.0,35.806021094322205,26.32651925086975,18.87725293636322,14.96916264295578,12.8056600689888,0.7975501543209876
12.0,61.55724099880899,1.2137720584869385,5.026580810546875,0.2376708984375,443520.0,30.9086412191391,21.607142686843872,13.091404736042023,8.240440487861633,6.914006173610687,0.8555555555555555
13.0,60.724450999259716,3.959887981414795,11.32931900024414,0.3312530517578125,442892.0,40.12693762779236,28.509432077407837,21.045762300491333,18.033967912197113,16.642658412456512,0.8543441358024692
14.0,62.04905699996743,1.5166332721710205,4.260409832000732,0.3075275421142578,443520.0,39.41648602485657,27.35908329486847,17.16630607843399,11.896193772554398,10.896464437246323,0.8555555555555555
15.0,60.72941900129081,4.938326358795166,13.367623329162598,0.6022434234619141,443519.0,53.04350256919861,43.453606963157654,34.941232204437256,29.231441020965576,25.04875659942627,0.8555536265432099
16.0,68.26655400072923,2.5700783729553223,6.4410080909729,0.4290337562561035,443520.0,46.520110964775085,34.91409718990326,24.80587065219879,19.163285195827484,16.44119769334793,0.8555555555555555
17.0,60.325288999592885,2.727221965789795,9.748344421386719,0.26900482177734375,443520.0,35.9395295381546,25.41576623916626,17.95477122068405,14.313672482967377,12.022456526756287,0.8555555555555555
18.0,58.60224000207381,0.7841074466705322,2.5163509845733643,0.19982439279556274,443520.0,24.790313839912415,13.68461400270462,8.10064971446991,5.289276689291,5.045093968510628,0.8555555555555555
19.0,59.64792899976601,1.2813224792480469,4.874596118927002,0.27086353302001953,443520.0,32.033729553222656,18.965773284435272,10.783504694700241,7.619723677635193,5.915854871273041,0.8555555555555555
20.0,61.161749999882886,2.0152618885040283,5.625130653381348,0.2937202453613281,437279.0,38.31512629985809,28.039076924324036,20.132912695407867,15.660025179386139,15.327057242393494,0.8435165895061728
21.0,58.841211000981275,1.1458866596221924,5.03922176361084,0.2256927490234375,443520.0,27.47069001197815,14.786030352115631,7.857368141412735,5.167974531650543,4.168470576405525,0.8555555555555555
22.0,61.65918199985754,0.829837441444397,3.122983455657959,0.21100616455078125,443520.0,25.444623827934265,13.449674844741821,7.839556038379669,5.575171485543251,5.203372985124588,0.8555555555555555
23.0,60.565009000129066,2.1594884395599365,6.138984203338623,0.42832183837890625,443520.0,46.59000635147095,33.79126191139221,22.73493856191635,16.04437232017517,15.537743270397186,0.8555555555555555
24.0,62.212535998696694,2.9862728118896484,7.409034729003906,0.6913833618164062,443520.0,59.45323705673218,39.823007583618164,25.531429052352905,20.44236958026886,17.77462065219879,0.8555555555555555
25.0,60.654115997749614,1.273163080215454,3.9984629154205322,0.18427515029907227,443520.0,28.764203190803528,19.931231439113617,12.898854911327362,9.173882007598877,8.84176567196846,0.8555555555555555
26.0,61.438623000867665,1.037925124168396,3.9059181213378906,0.17588043212890625,443520.0,24.53756332397461,15.722852945327759,9.593254327774048,6.732954829931259,6.422483921051025,0.8555555555555555
27.0,60.81420700138551,1.5246740579605103,4.222952842712402,0.22298812866210938,443520.0,33.31867754459381,24.35651123523712,16.768579185009003,12.689393758773804,12.44972050189972,0.8555555555555555
28.0,59.77510299999267,0.8197530508041382,2.3221871852874756,0.15462493896484375,443520.0,23.82485568523407,15.116341412067413,9.616928547620773,6.9482773542404175,6.707927584648132,0.8555555555555555
29.0,58.5430319988518,1.3303357362747192,4.560420036315918,0.18955421447753906,443520.0,26.052263379096985,19.033414125442505,13.351821899414062,9.681637585163116,9.14299264550209,0.8555555555555555
30.0,58.72725500012166,0.733634352684021,2.463958263397217,0.14115142822265625,443520.0,19.36124712228775,12.548024952411652,7.490981370210648,5.084776505827904,4.824134334921837,0.8555555555555555
31.0,61.263025003427174,1.3782161474227905,4.19306755065918,0.27260589599609375,443520.0,36.4060252904892,24.570932984352112,14.07557725906372,10.000450909137726,9.723800420761108,0.8555555555555555
32.0,60.4347839980619,1.0147842168807983,5.582746505737305,0.19312477111816406,443520.0,23.74887317419052,13.385416567325592,7.271374762058258,4.810831695795059,4.564168304204941,0.8555555555555555
33.0,59.30616299883695,4.19830846786499,10.779489517211914,0.416748046875,443520.0,46.44142389297485,35.80109179019928,27.44746506214142,23.295679688453674,19.0156027674675,0.8555555555555555
34.0,60.15589000162436,0.9569534063339233,2.986754894256592,0.219757080078125,443520.0,28.795543313026428,18.14889907836914,9.515241533517838,5.603129416704178,5.297619104385376,0.8555555555555555
35.0,58.59655600215774,2.0745115280151367,5.883177280426025,0.341644287109375,425520.0,41.394057869911194,29.995065927505493,21.766309440135956,17.253713309764862,15.41854739189148,0.8208333333333333
36.0,59.77866800094489,2.181749105453491,7.228207111358643,0.24821949005126953,415199.0,35.813671350479126,26.967790722846985,19.70476806163788,15.491607785224915,13.14309537410736,0.8009239969135803
37.0,59.42594799853396,1.1075176000595093,4.2834014892578125,0.2357635498046875,443520.0,29.987823963165283,20.68745493888855,13.046537339687347,8.478760719299316,6.584145128726959,0.8555555555555555
38.0,58.86237300001085,3.138801336288452,9.710253715515137,0.2653694152832031,443265.0,34.006744623184204,23.59243333339691,17.610684037208557,14.963960647583008,13.774605095386505,0.8550636574074074
39.0,59.53346000023885,1.4878463745117188,4.048384189605713,0.317474365234375,443520.0,40.22749960422516,28.12139391899109,17.725244164466858,12.163826078176498,10.86602658033371,0.8555555555555555
40.0,58.566464998875745,4.3139495849609375,12.213504791259766,0.44964599609375,443455.0,48.0689138174057,38.33737373352051,30.399024486541748,25.386565923690796,22.54118174314499,0.8554301697530864
41.0,59.57313100225292,2.4900472164154053,6.324438571929932,0.40108489990234375,443520.0,45.32783329486847,33.64538252353668,24.031610786914825,18.470869958400726,15.68407267332077,0.8555555555555555
42.0,58.71061299694702,2.2822177410125732,8.793116569519043,0.26659679412841797,443520.0,34.43046510219574,23.034361004829407,15.449585020542145,12.146464735269547,9.959190338850021,0.8555555555555555
43.0,59.16516599972965,0.7768042683601379,2.5310893058776855,0.18820667266845703,443520.0,23.787201941013336,13.494768738746643,8.09117928147316,5.355789884924889,5.096275359392166,0.8555555555555555
44.0,58.634780998545466,0.7660675048828125,2.609755039215088,0.21846771240234375,443520.0,27.05492377281189,14.608134329319,7.28805884718895,4.632485657930374,3.3892497420310974,0.8555555555555555
45.0,58.66123499799869,1.903015375137329,5.61024284362793,0.2813758850097656,420754.0,36.60072088241577,26.72891914844513,19.16416734457016,14.744958281517029,14.492078125476837,0.8116396604938272
46.0,58.66922600034741,0.536273717880249,1.8102127313613892,0.18541061878204346,443520.0,21.8450129032135,9.955132007598877,4.257305338978767,2.536976896226406,1.9579725340008736,0.8555555555555555
47.0,61.75897100183647,0.8606684803962708,3.3386807441711426,0.19631195068359375,443520.0,24.895833432674408,14.039051532745361,8.170995861291885,5.879554525017738,5.4996393620967865,0.8555555555555555
48.0,58.52549599876511,2.2125463485717773,6.292518615722656,0.4386711120605469,443520.0,47.09821343421936,34.2823326587677,23.29229861497879,16.22835546731949,15.66220223903656,0.8555555555555555
49.0,59.6947510020982,3.1014785766601562,7.541548728942871,0.7723541259765625,443520.0,62.50947117805481,43.1234210729599,27.004194259643555,20.344065129756927,17.729753255844116,0.8555555555555555
50.0,59.95570100276382,1.9396696090698242,6.692005157470703,0.2539725601673126,443520.0,31.105700135231018,21.239402890205383,14.94002491235733,11.672303080558777,10.521509498357773,0.8555555555555555
51.0,58.54404600177077,1.072390079498291,3.0984556674957275,0.25262451171875,443520.0,31.15372359752655,19.826163351535797,11.849521845579147,8.176407217979431,7.872925698757172,0.8555555555555555
52.0,59.34947499918053,1.9776923656463623,5.965596675872803,0.29559326171875,443520.0,37.605294585227966,25.796130299568176,17.937634885311127,13.982006907463074,13.018578290939331,0.8555555555555555
53.0,58.56662700171,3.0038440227508545,9.359827041625977,0.3786553740501404,443520.0,42.76289641857147,29.636093974113464,20.61598151922226,16.581664979457855,14.35493379831314,0.8555555555555555
54.0,58.574557999236276,1.7767279148101807,5.291895389556885,0.39252471923828125,443520.0,44.17185187339783,30.196157097816467,18.70761215686798,13.138076663017273,10.997474938631058,0.8555555555555555
55.0,59.05370300024515,1.0208637714385986,3.1062428951263428,0.24925708770751953,443454.0,32.626381516456604,21.109291911125183,12.213217467069626,7.67204686999321,6.579036265611649,0.8554282407407408
56.0,58.62008000258356,1.7186696529388428,5.747908115386963,0.22914886474609375,443520.0,32.46437609195709,21.381448209285736,13.592171669006348,10.369092971086502,9.619183093309402,0.8555555555555555
57.0,58.7106409984699,4.044058799743652,9.493814468383789,0.55633544921875,443520.0,51.79473161697388,42.61363744735718,34.19868350028992,28.323638439178467,23.91301393508911,0.8555555555555555
58.0,58.60662700069952,4.610127925872803,13.635016441345215,0.4482879638671875,443520.0,47.70021736621857,36.14493012428284,27.308350801467896,22.610479593276978,20.814844965934753,0.8555555555555555
59.0,58.65784900015569,3.936671018600464,10.389491081237793,0.36383056640625,443520.0,43.16197633743286,31.871843338012695,23.513032495975494,19.88433450460434,17.811597883701324,0.8555555555555555
60.0,59.61957500039716,2.171124219894409,7.070643901824951,0.36690521240234375,443520.0,42.6273912191391,29.088428616523743,19.051676988601685,14.200261235237122,13.356555998325348,0.8555555555555555
61.0,61.1486639973009,1.108087182044983,3.877645492553711,0.19373875856399536,443520.0,28.073367476463318,19.560110569000244,12.317821383476257,8.161300420761108,7.628517597913742,0.8555555555555555
62.0,58.649947997764684,2.4698925018310547,6.912317276000977,0.308857798576355,443520.0,38.44381272792816,26.976236701011658,19.84623074531555,16.232188045978546,15.510010719299316,0.8555555555555555
63.0,59.51115900097648,1.5948517322540283,6.09208345413208,0.25631284713745117,443520.0,33.882126212120056,21.423159539699554,12.769660353660583,9.35966819524765,6.140422075986862,0.8555555555555555
64.0,60.13800800064928,0.8131444454193115,3.77764892578125,0.16596412658691406,443520.0,25.219380855560303,15.375180542469025,8.056457340717316,5.142270773649216,3.868822008371353,0.8555555555555555
65.0,58.58836900006281,2.5696640014648438,6.367403984069824,0.3313446044921875,443520.0,41.9421911239624,33.407062292099,26.031970977783203,21.269389986991882,19.986923038959503,0.8555555555555555
66.0,58.50830900089932,0.8652667999267578,2.954700231552124,0.21436721086502075,443520.0,26.449766755104065,15.558035671710968,8.539862930774689,5.362554267048836,4.971365258097649,0.8555555555555555
67.0,58.689989000413334,1.8466724157333374,5.056951522827148,0.2716178894042969,443520.0,37.131357192993164,27.02719271183014,18.712346255779266,14.18357640504837,13.481014966964722,0.8555555555555555
68.0,58.670308000728255,1.5283622741699219,4.27689266204834,0.27005767822265625,443520.0,34.460002183914185,24.683667719364166,16.043920814990997,10.811688005924225,9.478490054607391,0.8555555555555555
69.0,95.00210900296224,1.5795869827270508,6.433097839355469,0.1699848175048828,443520.0,22.86480814218521,14.522230625152588,10.56840717792511,8.928796648979187,7.94011577963829,0.8555555555555555
70.0,62.379779999901075,1.6720622777938843,5.656423568725586,0.26107215881347656,443520.0,34.05753970146179,21.22204154729843,13.694308698177338,10.722628235816956,10.420499742031097,0.8555555555555555
71.0,61.3081070005137,0.9750838279724121,3.5158281326293945,0.2445526123046875,443520.0,30.835136771202087,17.04094558954239,9.425053745508194,5.740891024470329,5.445526540279388,0.8555555555555555
72.0,60.975486998358974,1.1509984731674194,3.5803298950195312,0.2100238800048828,443520.0,30.462437868118286,19.120895862579346,11.881313472986221,8.43907818198204,8.163104206323624,0.8555555555555555
73.0,61.80123499871115,1.1967376470565796,3.587104082107544,0.26239013671875,443520.0,33.60615074634552,20.51519602537155,12.822195887565613,9.201839566230774,7.863230258226395,0.8555555555555555
74.0,58.7030090027838,1.0090739727020264,3.0551302433013916,0.21711349487304688,443520.0,30.745625495910645,19.2009374499321,11.764294654130936,7.956574857234955,7.728174328804016,0.8555555555555555
75.0,63.34952299948782,1.9485692977905273,6.336885452270508,0.26378288865089417,443520.0,33.176857233047485,23.84086400270462,17.060334980487823,13.270427286624908,11.88582256436348,0.8555555555555555
76.0,59.93228000079398,1.013873815536499,3.106821298599243,0.23141098022460938,443520.0,29.143443703651428,19.032061100006104,11.2971231341362,7.588609308004379,7.297754287719727,0.8555555555555555
77.0,65.97212199994829,1.9521948099136353,5.904733657836914,0.2826042175292969,443520.0,36.479076743125916,25.255683064460754,17.72073358297348,13.857322931289673,12.92523443698883,0.8555555555555555
78.0,58.65290899964748,2.9008822441101074,8.841851234436035,0.3706369400024414,443520.0,43.0927574634552,30.173611640930176,21.184614300727844,16.83599352836609,13.826884329319,0.8555555555555555
79.0,58.84053099725861,1.8053737878799438,5.390392303466797,0.395538330078125,443520.0,44.44286525249481,30.70143461227417,19.910264015197754,14.097222685813904,11.598575115203857,0.8555555555555555
80.0,59.34819799949764,1.0460457801818848,4.128101348876953,0.1915283203125,439789.0,25.7741779088974,16.697324812412262,10.381341725587845,7.194586843252182,5.564941465854645,0.8483584104938272
81.0,58.62912600059644,1.7085317373275757,5.64352560043335,0.21453857421875,443520.0,31.954139471054077,21.46284282207489,13.714151084423065,10.537292808294296,9.770698100328445,0.8555555555555555
82.0,59.127890002855565,3.6278889179229736,8.583508491516113,0.5233173370361328,442874.0,50.76906681060791,41.275396943092346,32.787203788757324,27.348637580871582,22.82477617263794,0.8543094135802469
83.0,59.10791600035736,4.401426315307617,13.26515007019043,0.42783355712890625,443520.0,46.73994481563568,36.12576723098755,27.254915237426758,21.97871506214142,20.126938819885254,0.8555555555555555
84.0,58.53366900191759,3.2086989879608154,8.336038589477539,0.3403778076171875,443520.0,42.04297363758087,30.93637228012085,23.439303040504456,19.290223717689514,16.87590181827545,0.8555555555555555
85.0,60.99321600049734,2.0516622066497803,6.877790927886963,0.3108406066894531,443520.0,39.0311598777771,27.15187668800354,18.60930770635605,13.745716214179993,12.751397490501404,0.8555555555555555
86.0,61.95626000044285,1.074094533920288,3.6510207653045654,0.19627094268798828,443520.0,27.612733840942383,19.004780054092407,12.196067720651627,8.262761682271957,7.5883835554122925,0.8555555555555555
87.0,58.98635300036403,2.327584743499756,6.593966484069824,0.29013824462890625,443520.0,36.94218993186951,26.38077139854431,19.29428279399872,15.636499226093292,14.896509051322937,0.8555555555555555
88.0,58.5377060015162,1.3633091449737549,5.412841796875,0.22954559326171875,443520.0,31.76722526550293,20.134378969669342,11.056547611951828,7.562680542469025,5.139114335179329,0.8555555555555555
89.0,58.689155001047766,0.7602503299713135,3.6031341552734375,0.16599848866462708,443520.0,24.007710814476013,14.977453649044037,7.6325759291648865,4.727182537317276,3.5851821303367615,0.8555555555555555
90.0,58.66603200047393,2.6587893962860107,6.4903244972229,0.335479736328125,443520.0,42.06845164299011,33.347088098526,26.335904002189636,21.727994084358215,20.244407653808594,0.8555555555555555
91.0,58.58443199758767,0.8066661357879639,2.566162586212158,0.1912689208984375,443520.0,24.54252392053604,14.688852429389954,7.9403407871723175,5.004960298538208,4.732142761349678,0.8555555555555555
92.0,58.68390999967232,1.663747787475586,4.5573015213012695,0.2508068084716797,443520.0,35.71338355541229,25.696247816085815,17.850829660892487,13.66928219795227,12.753202021121979,0.8555555555555555
93.0,58.649704998970265,1.1476234197616577,3.5741238594055176,0.221160888671875,443520.0,27.83031165599823,18.727904558181763,12.358179688453674,8.710993826389313,7.903815060853958,0.8555555555555555
94.0,59.701123002014356,1.3925930261611938,6.008879661560059,0.15499114990234375,443520.0,19.051676988601685,12.910354137420654,9.402958303689957,7.668200135231018,6.865530461072922,0.8555555555555555
95.0,58.59834899820271,1.5723707675933838,5.200778007507324,0.23349905014038086,443520.0,31.275928020477295,19.4685697555542,13.72767835855484,10.991161316633224,10.697600990533829,0.8555555555555555
96.0,60.30830899908324,0.8086296319961548,2.92707896232605,0.21822738647460938,443520.0,26.345598697662354,14.240846037864685,7.945752143859863,5.104617774486542,4.864944145083427,0.8555555555555555
97.0,58.75174300308572,1.1227871179580688,3.452476978302002,0.22510719299316406,443520.0,31.782105565071106,18.818767368793488,11.442776024341583,8.123421669006348,7.858946919441223,0.8555555555555555
98.0,58.615065998310456,1.1069461107254028,3.558652400970459,0.23373031616210938,443520.0,31.07864260673523,18.90827864408493,11.274125427007675,7.936958968639374,6.995400786399841,0.8555555555555555
99.0,60.574332001124276,1.0165225267410278,3.0782699584960938,0.21160030364990234,443520.0,30.483630299568176,19.480518996715546,11.975333839654922,8.129509538412094,7.900884002447128,0.8555555555555555
100.0,58.63195399797405,0.854732096195221,2.8247487545013428,0.17905235290527344,443520.0,25.310245156288147,15.152642130851746,8.628697693347931,5.774034932255745,5.080267041921616,0.8555555555555555
101.0,58.868344996881206,0.9856494665145874,2.809893846511841,0.20979690551757812,443520.0,29.821428656578064,19.34749335050583,11.033324152231216,7.6352812349796295,7.24499449133873,0.8555555555555555
102.0,58.631645999412285,1.4047740697860718,4.3364152908325195,0.199310302734375,443520.0,28.734442591667175,19.812634587287903,13.085542619228363,9.814213216304779,8.176857978105545,0.8555555555555555
103.0,59.6075440007553,1.0056123733520508,3.788247585296631,0.14242839813232422,443520.0,21.37761563062668,15.724432468414307,10.584641247987747,7.177805155515671,6.599476933479309,0.8555555555555555
104.0,62.85312000181875,2.704432487487793,6.281264305114746,0.34814453125,443520.0,44.15426552295685,36.22903227806091,28.343254327774048,23.49724918603897,22.286030650138855,0.8555555555555555
105.0,59.013922000303864,1.028067946434021,3.384483814239502,0.1613616943359375,443520.0,21.59699648618698,15.156024694442749,11.186642944812775,8.570977300405502,7.950486987829208,0.8555555555555555
106.0,60.23281300076633,2.1326186656951904,7.267635822296143,0.3453330993652344,443520.0,39.61963355541229,24.365079402923584,14.571383595466614,10.532782971858978,9.531700611114502,0.8555555555555555
107.0,61.73276700064889,2.821932792663574,6.353503704071045,0.7314567565917969,443520.0,59.28187966346741,43.17392706871033,30.506855249404907,23.287563025951385,21.55122607946396,0.8555555555555555
108.0,59.230834998743376,2.7919771671295166,12.566908836364746,0.3213043212890625,411117.0,38.46325874328613,25.421229004859924,15.66050499677658,11.447349190711975,8.969466388225555,0.7930497685185185
109.0,59.18689199825167,1.7006142139434814,5.2199883460998535,0.3339958190917969,443520.0,39.52922224998474,27.30293869972229,18.489809334278107,13.317550718784332,12.31173351407051,0.8555555555555555
110.0,58.66064300062135,2.745368480682373,8.401432037353516,0.3252296447753906,415491.0,41.463473439216614,30.059856176376343,21.68085426092148,17.28196293115616,14.450614154338837,0.8014872685185185
111.0,58.85186700106715,2.461219549179077,8.611863136291504,0.29805755615234375,405225.0,38.85643780231476,28.503671288490295,19.393916428089142,14.213091135025024,11.427725106477737,0.7816840277777778
112.0,59.276887001033174,2.6362597942352295,8.50478458404541,0.493194580078125,412970.0,49.65275824069977,35.675716400146484,26.313534379005432,20.332227647304535,15.46020358800888,0.7966242283950618
113.0,58.54835700301919,1.6112850904464722,4.785146713256836,0.5139312744140625,442402.0,50.70275664329529,33.43791365623474,18.470531702041626,11.869747191667557,8.600548654794693,0.8533989197530865
114.0,59.62857800113852,3.0580332279205322,5.848560810089111,1.0508270263671875,443520.0,68.75879168510437,51.1945366859436,36.01032793521881,28.65304946899414,19.802263379096985,0.8555555555555555
115.0,59.41397299829987,5.585898399353027,14.165731430053711,0.7258796691894531,440712.0,56.09558820724487,45.40879428386688,36.62959039211273,31.27688765525818,25.677767395973206,0.8501388888888889
116.0,59.91004499810515,3.2714173793792725,8.682330131530762,0.6207962036132812,443520.0,54.90642786026001,41.01370871067047,29.722672700881958,23.604121804237366,16.926181316375732,0.8555555555555555
117.0,58.686267999291886,1.1470493078231812,4.0528974533081055,0.2448272705078125,443520.0,32.66707360744476,21.82675004005432,12.21410557627678,7.89930522441864,7.3699042201042175,0.8555555555555555
118.0,59.506577999854926,2.0297462940216064,5.477743148803711,0.4041709899902344,443520.0,44.528770446777344,30.534586310386658,21.492378413677216,16.69304668903351,16.040313243865967,0.8555555555555555
119.0,61.81544500213931,1.8643149137496948,5.298161029815674,0.5356903076171875,443520.0,51.80104374885559,34.59393084049225,21.82381898164749,13.835452497005463,13.387896120548248,0.8555555555555555
120.0,59.418512999400264,2.058753728866577,5.037383556365967,0.36566162109375,443520.0,40.67234992980957,27.874279022216797,20.479346811771393,16.41346514225006,14.0931636095047,0.8555555555555555
121.0,58.89198099976056,1.608902931213379,5.299011707305908,0.4404754638671875,443520.0,46.827200055122375,29.134199023246765,15.706168115139008,9.93078127503395,9.236336499452591,0.8555555555555555
122.0,58.7033989977499,1.38779878616333,3.9571967124938965,0.3666839599609375,443520.0,41.950756311416626,28.363770246505737,16.118326783180237,9.750856459140778,9.463834762573242,0.8555555555555555
123.0,59.11900099818013,1.8620623350143433,3.9625022411346436,0.5869636535644531,443520.0,54.10691499710083,37.633928656578064,23.692956566810608,17.479482293128967,15.976956486701965,0.8555555555555555
124.0,61.304326001845766,2.0792582035064697,3.4030516147613525,1.1477813720703125,443520.0,76.64817571640015,55.167073011398315,29.567325115203857,18.28530877828598,5.2741702646017075,0.8555555555555555
125.0,60.460335000243504,0.9004254341125488,2.9278573989868164,0.1967315673828125,443520.0,25.698953866958618,14.868099987506866,8.885732293128967,6.360479444265366,5.95824308693409,0.8555555555555555
126.0,60.35265500031528,0.9469423294067383,2.72023344039917,0.205230712890625,443520.0,29.754462838172913,18.96013766527176,10.77042743563652,7.244543731212616,6.872294098138809,0.8555555555555555
127.0,58.95058700116351,1.3385869264602661,4.189154148101807,0.19681358337402344,443520.0,28.743913769721985,19.473078846931458,12.32638880610466,9.176361560821533,7.821518927812576,0.8555555555555555
128.0,58.646695000788895,0.981687068939209,3.7345736026763916,0.14175033569335938,443520.0,21.225649118423462,15.266278386116028,10.093344002962112,6.874549388885498,6.542208045721054,0.8555555555555555
129.0,58.68636399827665,2.4738497734069824,5.866827487945557,0.29927825927734375,443520.0,41.05406701564789,33.27741622924805,26.817506551742554,22.005321085453033,20.69624811410904,0.8555555555555555
130.0,58.59590800173464,0.9904161691665649,3.2320313453674316,0.171875,443520.0,21.405573189258575,14.528544247150421,10.858585685491562,8.365800976753235,7.941243052482605,0.8555555555555555
131.0,112.83080100110965,1.870975136756897,6.877451419830322,0.2883758544921875,443520.0,34.119316935539246,20.33504694700241,12.256493419408798,9.025297313928604,8.039772510528564,0.8555555555555555
132.0,59.18959100017673,2.4882400035858154,5.642975330352783,0.635467529296875,443520.0,55.507081747055054,40.90999364852905,28.13447117805481,21.282242238521576,19.600243866443634,0.8555555555555555
133.0,58.72927000018535,2.4377377033233643,11.64065933227539,0.28243160247802734,409968.0,36.075255274772644,23.223763704299927,14.042559266090393,10.173720866441727,7.564005255699158,0.7908333333333334
134.0,58.60822300019208,1.5122146606445312,4.9653449058532715,0.3125801086425781,443520.0,37.60213851928711,25.12626349925995,16.32012128829956,11.360029131174088,9.883657842874527,0.8555555555555555
135.0,63.9058800006751,2.7154719829559326,8.280776977539062,0.3083343505859375,415250.0,40.07633924484253,29.503914713859558,21.575196087360382,17.31029450893402,14.580132067203522,0.8010223765432098
136.0,61.034351001580944,2.4400758743286133,8.608510971069336,0.3139801025390625,404759.0,40.13301730155945,28.59256863594055,18.91891211271286,13.574250042438507,11.443105340003967,0.7807851080246914
137.0,58.72759500198299,2.336503028869629,7.109072208404541,0.39044952392578125,412970.0,44.275856018066406,33.24890434741974,24.408067762851715,19.10211443901062,14.558441936969757,0.7966242283950618
138.0,58.67354200017871,1.3684184551239014,4.488192081451416,0.3906402587890625,443520.0,43.831393122673035,28.73692214488983,15.992514789104462,9.438582509756088,6.311327219009399,0.8555555555555555
139.0,60.47906599997077,3.0252130031585693,5.740512847900391,0.9973373413085938,443520.0,67.58658289909363,49.94092583656311,36.25789284706116,28.884604573249817,19.374774396419525,0.8555555555555555
140.0,58.6916049978754,5.159800052642822,12.292341232299805,0.792144775390625,443520.0,56.7832350730896,46.93384766578674,37.128427624702454,30.719470977783203,24.5490625500679,0.8555555555555555
141.0,58.648860998800956,3.148770809173584,8.480635643005371,0.5803146362304688,443520.0,53.12793254852295,39.8444265127182,28.864765167236328,22.412969172000885,16.216404736042023,0.8555555555555555
142.0,58.76450200230465,0.9885586500167847,2.841464042663574,0.231475830078125,443520.0,29.943859577178955,19.12720948457718,10.749007761478424,7.16179683804512,6.65922611951828,0.8555555555555555
143.0,58.58444199839141,2.033583641052246,5.486671447753906,0.41819000244140625,443520.0,45.359623432159424,30.92104196548462,21.475018560886383,16.655167937278748,16.01100265979767,0.8555555555555555
144.0,68.10968699937803,1.7171697616577148,5.038849353790283,0.3519744873046875,443520.0,43.02128553390503,32.27002024650574,21.075712144374847,13.933531939983368,12.827606499195099,0.8555555555555555
145.0,62.251971001387574,2.0327866077423096,5.062110424041748,0.3431510925292969,443520.0,39.29653763771057,27.070480585098267,20.090188086032867,16.016864776611328,13.971635699272156,0.8555555555555555
146.0,59.06052700083819,1.5324040651321411,4.983257293701172,0.388946533203125,443520.0,42.709460854530334,24.62008446455002,14.30104672908783,9.546807408332825,8.880997449159622,0.8555555555555555
147.0,58.61497799924109,1.3914437294006348,3.9299068450927734,0.38736820220947266,443520.0,43.76600682735443,29.133296012878418,15.93208909034729,9.610389918088913,9.349972754716873,0.8555555555555555
148.0,63.44160699882195,1.7948596477508545,3.916034460067749,0.5186004638671875,443520.0,51.0265588760376,33.81696343421936,22.8598490357399,17.028093338012695,15.464691817760468,0.8555555555555555
149.0,62.00621399693773,2.2267870903015137,3.5592269897460938,1.359405517578125,443520.0,79.11142706871033,60.873013734817505,33.60998332500458,19.70621347427368,5.547889694571495,0.8555555555555555
150.0,58.69257200174616,0.8840737342834473,2.581968069076538,0.2957916259765625,443520.0,32.560425996780396,17.73606538772583,8.8665671646595,5.609442666172981,5.1988635212183,0.8555555555555555
151.0,61.6142580001906,2.0602495670318604,5.877437591552734,0.5545139312744141,443520.0,52.58567929267883,37.01636791229248,23.314169049263,15.631990134716034,11.685380339622498,0.8555555555555555
152.0,59.849897003005026,2.2197980880737305,5.8173441886901855,0.4890899658203125,443520.0,49.39619302749634,33.368730545043945,22.988590598106384,17.986787855625153,16.32733643054962,0.8555555555555555
153.0,58.656745000917,2.0761988162994385,6.319389820098877,0.4169044494628906,443520.0,46.11110985279083,32.35863149166107,19.562365114688873,12.726370990276337,11.416847258806229,0.8555555555555555
154.0,58.599803000106476,1.892348051071167,5.515749454498291,0.4297027587890625,416171.0,46.43523991107941,32.498180866241455,19.738520681858063,13.80586326122284,12.141884118318558,0.8027989969135803
155.0,62.84309799957555,2.1635193824768066,4.68577241897583,0.5362777709960938,443520.0,51.27006769180298,40.09402096271515,27.8156578540802,19.801361858844757,19.298791885375977,0.8555555555555555
156.0,58.62417200114578,1.8189750909805298,5.647211074829102,0.27756500244140625,443520.0,37.520742416381836,25.850695371627808,17.25108176469803,12.74215430021286,10.43492928147316,0.8555555555555555
157.0,58.76490499940701,4.666926860809326,14.051755905151367,0.522216796875,427306.0,50.85442066192627,38.81012797355652,28.34736704826355,22.81760573387146,18.77717673778534,0.824278549382716
158.0,62.013683000259334,5.913544654846191,14.586657524108887,1.0713539123535156,443520.0,64.54500555992126,51.3117790222168,40.398404002189636,33.985164761543274,27.256041765213013,0.8555555555555555
159.0,58.588112999132136,4.046616077423096,13.513723373413086,0.397979736328125,443520.0,44.61873173713684,31.785038113594055,24.62211400270462,21.1557537317276,15.16323983669281,0.8555555555555555
160.0,69.81133299996145,2.4159443378448486,6.768731117248535,0.3538360595703125,443520.0,42.18028485774994,30.619138479232788,22.777101397514343,18.069083988666534,15.547212958335876,0.8555555555555555
161.0,58.92727700120304,2.078754186630249,5.800322532653809,0.29613494873046875,443520.0,40.116116404533386,29.833602905273438,20.639429986476898,15.7183438539505,12.921175360679626,0.8555555555555555
162.0,63.77988099848153,2.841860055923462,7.431636333465576,0.531219482421875,443520.0,51.276832818984985,37.1579647064209,24.66946244239807,19.51163411140442,16.775117814540863,0.8555555555555555
163.0,58.549493998725666,1.622353434562683,5.813877582550049,0.300628662109375,443520.0,38.180240988731384,23.737823963165283,12.982504069805145,8.722943812608719,7.094155997037888,0.8555555555555555
164.0,58.68512700180872,1.8821039199829102,5.895223140716553,0.436798095703125,443520.0,47.06146419048309,32.707881927490234,20.93479484319687,14.23971801996231,12.874729931354523,0.8555555555555555
165.0,63.7684960020124,3.2099239826202393,11.086076736450195,0.294097900390625,443520.0,38.80771994590759,28.14844846725464,20.720824599266052,16.855384409427643,13.935786485671997,0.8555555555555555
166.0,58.71978999857674,1.4405843019485474,5.732583045959473,0.21142578125,443520.0,28.273585438728333,19.455944001674652,12.846997380256653,8.492288738489151,7.56809189915657,0.8555555555555555
167.0,58.6851049993129,2.7909061908721924,6.979923725128174,0.2954978942871094,443520.0,40.5023455619812,30.693769454956055,23.88685941696167,20.194579660892487,19.118867814540863,0.8555555555555555
168.0,93.01834800135111,2.8380463123321533,7.76667594909668,0.4267463684082031,443520.0,46.91783785820007,36.48471236228943,27.45964229106903,21.729347109794617,17.71915555000305,0.8555555555555555
169.0,59.0742960011994,1.0195497274398804,3.725583791732788,0.18682861328125,443520.0,25.0606507062912,16.8598935008049,10.101009905338287,6.50387778878212,6.1271194368600845,0.8555555555555555
170.0,71.76598600199213,1.7205756902694702,5.379810333251953,0.49535369873046875,443520.0,49.69742000102997,29.02281880378723,15.060876309871674,9.93010476231575,8.890467137098312,0.8555555555555555
171.0,58.761248998052906,1.390215516090393,4.5341925621032715,0.318756103515625,443520.0,38.42397332191467,23.18001389503479,13.673114776611328,9.720192849636078,8.844922482967377,0.8555555555555555
172.0,70.6626450009935,1.3759002685546875,4.721604824066162,0.4521026611328125,443520.0,47.349387407302856,28.071564435958862,13.742785155773163,8.715728670358658,7.46820867061615,0.8555555555555555
173.0,58.76809000255889,1.400521159172058,4.369246959686279,0.3800048828125,443520.0,42.368775606155396,25.34429132938385,14.066784083843231,9.655258059501648,9.019210189580917,0.8555555555555555
174.0,67.6230110002507,1.8100274801254272,5.737821578979492,0.4185028076171875,443520.0,45.846185088157654,29.536888003349304,18.257349729537964,12.549377977848053,11.686733365058899,0.8555555555555555
175.0,60.45294300201931,0.9275313019752502,2.6743791103363037,0.31642913818359375,443520.0,33.232998847961426,18.68213415145874,9.391459077596664,5.8915045112371445,5.389384925365448,0.8555555555555555
176.0,59.499696999409935,1.900161623954773,5.716562271118164,0.48503875732421875,443520.0,49.22393560409546,33.568498492240906,20.111607015132904,13.000991940498352,10.393894463777542,0.8555555555555555
177.0,59.78368199794204,2.2606306076049805,5.963541507720947,0.511138916015625,443520.0,50.60606002807617,33.861833810806274,22.781385481357574,17.845869064331055,16.208288073539734,0.8555555555555555
178.0,58.69221500324784,2.163365125656128,6.7968034744262695,0.3437957763671875,443520.0,42.149171233177185,29.98083531856537,18.193992972373962,12.569218873977661,11.490350216627121,0.8555555555555555
179.0,58.643397998821456,1.822053074836731,5.106473445892334,0.41741943359375,416268.0,45.75874209403992,32.01231062412262,19.31808292865753,13.574187457561493,11.95167526602745,0.8029861111111111
180.0,61.12413599839783,1.756006121635437,4.0796589851379395,0.3911018371582031,443520.0,44.83743607997894,32.84091055393219,22.541485726833344,16.33545309305191,15.907512605190277,0.8555555555555555
181.0,58.57620700044208,1.8050209283828735,5.676353931427002,0.27587127685546875,443520.0,37.24161386489868,25.255006551742554,16.969245672225952,12.517361342906952,10.433577001094818,0.8555555555555555
182.0,60.20704500042484,4.509152412414551,13.98828411102295,0.4527435302734375,421493.0,47.95595705509186,36.025747656822205,26.840779185295105,22.061102092266083,18.24490576982498,0.8130652006172839
183.0,58.700568002677755,5.491323471069336,13.566197395324707,1.0106430053710938,443520.0,63.82305026054382,50.1826286315918,39.191243052482605,32.62355625629425,25.714287161827087,0.8555555555555555
184.0,58.665828000812326,3.288201093673706,11.065020561218262,0.39385986328125,443273.0,44.75729465484619,32.74235129356384,24.692006409168243,19.603268802165985,13.122838735580444,0.8550790895061728
185.0,58.639990998926805,2.3204879760742188,6.646473407745361,0.3436737060546875,443520.0,41.51199460029602,30.021420121192932,22.028544545173645,17.10430234670639,14.397771656513214,0.8555555555555555
186.0,58.720564000395825,1.7864890098571777,5.257646083831787,0.247833251953125,443520.0,36.487868428230286,26.6871839761734,18.072015047073364,13.602092862129211,10.959144681692123,0.8555555555555555
187.0,58.622065000236034,2.4679861068725586,6.7404351234436035,0.4143829345703125,443520.0,45.8777517080307,31.84230625629425,21.57580256462097,17.13564246892929,15.205176174640656,0.8555555555555555
188.0,61.207426002511056,1.6147428750991821,5.829914093017578,0.3036346435546875,443520.0,38.54775428771973,24.44850355386734,13.151605427265167,8.812455087900162,7.093930244445801,0.8555555555555555
189.0,58.91918599809287,1.8971554040908813,5.9207963943481445,0.41518402099609375,443520.0,45.90277671813965,32.72298872470856,21.105925738811493,14.641503989696503,13.272681832313538,0.8555555555555555
190.0,70.78611799806822,3.2719886302948,11.447585105895996,0.2698516845703125,443520.0,37.544190883636475,27.207565307617188,19.705763459205627,16.27412587404251,13.366025686264038,0.8555555555555555
191.0,58.90820200147573,1.3722553253173828,5.625527858734131,0.185943603515625,443520.0,26.957297325134277,18.66319477558136,11.842983216047287,7.9897187650203705,7.264836132526398,0.8555555555555555
192.0,58.95495200093137,2.366096258163452,6.238959789276123,0.23348617553710938,443520.0,34.79595184326172,26.794958114624023,21.126894652843475,17.637310922145844,16.42586588859558,0.8555555555555555
193.0,58.71415199726471,2.3878495693206787,6.9414777755737305,0.3124542236328125,443520.0,39.67171609401703,30.188491940498352,23.033234477043152,18.087346851825714,15.536616742610931,0.8555555555555555
194.0,61.45858400122961,1.0543791055679321,3.869861125946045,0.178192138671875,443520.0,25.817325711250305,17.106331884860992,10.565250366926193,6.733856350183487,6.4644210040569305,0.8555555555555555
195.0,59.733499998401385,1.521238923072815,4.88694953918457,0.44027137756347656,443520.0,46.05496823787689,25.951477885246277,13.540087640285492,8.706484735012054,7.7315568923950195,0.8555555555555555
196.0,58.83183900004951,1.381023645401001,4.648297309875488,0.32090091705322266,443520.0,38.52340281009674,23.262085020542145,13.30312043428421,9.312544763088226,8.527011424303055,0.8555555555555555
197.0,70.78128899956937,1.2559269666671753,4.2868475914001465,0.4061431884765625,443520.0,44.267451763153076,25.82792341709137,12.512852251529694,7.835497707128525,6.79270401597023,0.8555555555555555
198.0,58.72338600238436,1.41031813621521,4.4712443351745605,0.38791656494140625,443520.0,43.476054072380066,25.928029417991638,14.380861818790436,9.744543582201004,9.101055562496185,0.8555555555555555
199.0,71.08447599966894,1.8173739910125732,5.7493486404418945,0.42724609375,443520.0,46.32620811462402,29.795950651168823,18.27155500650406,12.54599541425705,11.670950800180435,0.8555555555555555
