index,height,width,latency_ms,epe,rmse,median,valid_pixels,bad_0.5,bad_1,bad_2,bad_3,d1,valid_fraction
0,540,960,74.34185999954934,1.4556012153625488,4.245913028717041,0.27405694127082825,443520,34.57589149475098,21.815025806427002,13.88302743434906,10.13212502002716,9.56326648592949,0.8555555555555555
1,540,960,77.09437299854471,1.7226719856262207,4.671329021453857,0.29819488525390625,443520,37.98205256462097,26.701614260673523,18.64493191242218,14.092938601970673,13.667704164981842,0.8555555555555555
2,540,960,70.3112860028341,1.5205618143081665,4.723304748535156,0.2707862854003906,443520,34.270381927490234,22.099341452121735,14.526289701461792,10.902778059244156,10.278905183076859,0.8555555555555555
3,540,960,69.7617320001882,5.202179908752441,13.697652816772461,0.669158935546875,443520,55.85836172103882,42.861878871917725,31.88965618610382,26.25676393508911,24.085046350955963,0.8555555555555555
4,540,960,69.79768599921954,5.793271541595459,13.994805335998535,0.54986572265625,443520,51.95842385292053,39.62121307849884,32.24183917045593,28.399845957756042,23.299963772296906,0.8555555555555555
5,540,960,75.31390400254168,2.5911929607391357,7.0333476066589355,0.4563140869140625,422006,47.59529531002045,33.33767652511597,25.321677327156067,20.52316814661026,18.56371760368347,0.8140547839506173
6,540,960,74.62497799861012,1.6747360229492188,6.4749226570129395,0.38872528076171875,443520,41.103219985961914,25.08387565612793,15.990033745765686,11.236246675252914,8.970282971858978,0.8555555555555555
7,540,960,73.98762500088196,1.8813223838806152,4.725644588470459,0.45317840576171875,443520,47.637760639190674,31.868460774421692,20.490169525146484,15.013979375362396,13.293875753879547,0.8555555555555555
8,540,960,72.44578799873125,2.98665714263916,6.853550910949707,0.623753547668457,443520,55.881357192993164,39.09767270088196,28.834551572799683,22.982728481292725,20.36074995994568,0.8555555555555555
9,540,960,76.91314699695795,2.3859059810638428,6.482303142547607,0.33896589279174805,443520,41.68064594268799,28.757664561271667,19.89605873823166,15.672123432159424,12.719380855560303,0.8555555555555555
10,540,960,79.01381800184026,2.321336507797241,6.0068559646606445,0.4740447998046875,437279,48.61198365688324,32.758718729019165,22.790712118148804,17.515361309051514,16.96857213973999,0.8435165895061728
11,540,960,74.93181599784293,1.119935154914856,3.4239537715911865,0.33147430419921875,443520,38.81132900714874,22.91666716337204,12.076569348573685,7.8161075711250305,6.04572519659996,0.8555555555555555
12,540,960,73.45910699950764,4.927824974060059,10.43034553527832,1.627197265625,443520,77.51803994178772,61.97172403335571,44.76596415042877,35.23336052894592,29.50938045978546,0.8555555555555555
13,540,960,73.57628800309612,1.4743643999099731,4.218830108642578,0.29547810554504395,443520,35.26920974254608,22.607773542404175,14.51772153377533,10.666937381029129,10.101686418056488,0.8555555555555555
14,540,960,78.47598900116282,1.7057597637176514,4.4923810958862305,0.3086433410644531,443520,38.89227211475372,27.079951763153076,18.659812211990356,14.14051204919815,13.704681396484375,0.8555555555555555
15,540,960,81.94499200180871,1.6579008102416992,5.348892688751221,0.24456787109375,443520,33.3464115858078,22.699089348316193,15.77606350183487,12.024486064910889,11.373557150363922,0.8555555555555555
16,540,960,80.40199400056736,4.051297664642334,10.358656883239746,0.5267143249511719,443520,50.988006591796875,38.48935663700104,28.366252779960632,23.352497816085815,21.34762853384018,0.8555555555555555
17,540,960,74.77959799871314,5.647035598754883,13.888507843017578,0.5625829696655273,443520,52.64520049095154,39.218974113464355,31.301406025886536,27.592667937278748,22.050189971923828,0.8555555555555555
18,540,960,75.26067499929923,2.4882566928863525,6.801056861877441,0.4314727783203125,425520,46.472784876823425,34.03341770172119,24.881556630134583,20.126433670520782,18.240270018577576,0.8208333333333333
19,540,960,78.81050099967979,1.4937480688095093,5.844023704528809,0.30572509765625,443520,36.63577735424042,23.995085060596466,15.232683718204498,10.582386702299118,8.575036376714706,0.8555555555555555
20,540,960,83.40682800189825,1.9043256044387817,5.011723518371582,0.43668365478515625,443520,46.694397926330566,30.776289105415344,19.803616404533386,14.61760401725769,13.312138617038727,0.8555555555555555
21,540,960,74.79519399930723,2.9680752754211426,7.069413185119629,0.6350676417350769,443520,56.98390007019043,39.49359655380249,28.350242972373962,22.449494898319244,19.517721235752106,0.8555555555555555
22,540,960,74.54521699764882,2.1060078144073486,5.714958190917969,0.31249141693115234,443520,39.655935764312744,27.575308084487915,19.035668671131134,14.501713216304779,11.658098548650742,0.8555555555555555
23,540,960,86.06685100312461,2.690845489501953,9.91370964050293,0.41864013671875,420754,45.48833668231964,31.37795627117157,22.154513001441956,17.110948264598846,16.524620354175568,0.8116396604938272
24,540,960,75.43548299872782,1.0919526815414429,3.5557050704956055,0.3319549560546875,443520,37.04387545585632,19.471952319145203,10.328283160924911,7.195842266082764,6.424964219331741,0.8555555555555555
25,540,960,80.69493999937549,5.844456672668457,11.962723731994629,1.6648139953613281,443520,77.05086469650269,61.638033390045166,46.159812808036804,37.97979652881622,33.033233880996704,0.8555555555555555
26,540,960,81.40578699749312,2.1729447841644287,6.537919998168945,0.3708505630493164,443520,41.42879545688629,27.042073011398315,17.04162210226059,12.952516973018646,11.795860528945923,0.8555555555555555
27,540,960,78.44770099836751,2.272146701812744,6.35989236831665,0.4005403518676758,443520,43.32341253757477,27.20373272895813,19.619859755039215,15.53887128829956,14.533279836177826,0.8555555555555555
28,540,960,77.21588099957444,2.680467128753662,7.439477443695068,0.44390106201171875,443520,47.202154994010925,34.28729176521301,24.5790496468544,19.212888181209564,16.637130081653595,0.8555555555555555
29,540,960,79.79432799766073,1.9307830333709717,5.8219075202941895,0.32627391815185547,443520,38.80794644355774,24.476009607315063,15.388482809066772,12.062815576791763,11.133432388305664,0.8555555555555555
30,540,960,74.1220540003269,6.006968021392822,15.717643737792969,0.7116622924804688,443520,59.62098836898804,42.6228791475296,32.46595561504364,27.5277316570282,25.389158725738525,0.8555555555555555
31,540,960,79.91877799940994,2.7130329608917236,7.680035591125488,0.47246360778808594,443520,48.625314235687256,33.379554748535156,23.71911108493805,18.6246395111084,17.53923147916794,0.8555555555555555
32,540,960,79.70933199976571,2.9058706760406494,7.992262363433838,0.39889854192733765,443520,43.41585636138916,28.57075333595276,21.282242238521576,17.80100166797638,16.929563879966736,0.8555555555555555
33,540,960,78.59734800149454,1.0135780572891235,4.4364824295043945,0.27093505859375,443520,33.58630836009979,17.94823259115219,9.392586350440979,6.210542842745781,5.219155922532082,0.8555555555555555
34,540,960,78.6432459972275,1.1789947748184204,3.3214898109436035,0.3906097412109375,443520,41.720327734947205,22.419056296348572,11.833739280700684,7.961760461330414,6.991793215274811,0.8555555555555555
35,540,960,74.66170699990471,1.3196702003479004,3.761059045791626,0.3186492919921875,443520,36.288103461265564,23.003020882606506,13.678300380706787,8.897005766630173,8.457116037607193,0.8555555555555555
36,540,960,76.80756199988537,5.245527744293213,14.072333335876465,0.5493103861808777,443520,52.302712202072144,38.2185697555542,28.722944855690002,24.245356023311615,22.792208194732666,0.8555555555555555
37,540,960,81.46881399807171,2.4449822902679443,6.059080123901367,0.4010791778564453,443520,45.28634548187256,33.07877779006958,22.577109932899475,17.824675142765045,14.866296947002411,0.8555555555555555
38,540,960,81.00848600224708,2.899555206298828,7.8011345863342285,0.4539031982421875,443520,47.953417897224426,35.034045577049255,23.877614736557007,18.12184303998947,15.753066539764404,0.8555555555555555
39,540,960,78.94570099961129,2.5104756355285645,6.609727382659912,0.3838233947753906,443520,42.6280677318573,27.511951327323914,20.52985280752182,17.125271260738373,16.100965440273285,0.8555555555555555
40,540,960,74.31200900100521,2.2784242630004883,6.30950403213501,0.3821907043457031,443520,41.81254506111145,27.128201723098755,19.304879009723663,15.338879823684692,14.279626309871674,0.8555555555555555
41,540,960,74.23507299972698,2.6708896160125732,7.4412946701049805,0.50347900390625,443520,50.18488168716431,35.05636751651764,24.94228035211563,19.310741126537323,16.92279875278473,0.8555555555555555
42,540,960,73.98413099872414,1.9918619394302368,6.034714698791504,0.34325408935546875,443520,40.01059830188751,24.103760719299316,15.313626825809479,12.058080732822418,11.03309914469719,0.8555555555555555
43,540,960,74.40921500165132,5.564056396484375,14.44891357421875,0.6320619583129883,443520,55.6881308555603,41.38640761375427,31.51402473449707,26.613906025886536,24.63023066520691,0.8555555555555555
44,540,960,77.35887299713795,2.590374708175659,7.45154333114624,0.43483734130859375,443520,46.61526083946228,32.15954303741455,22.97641634941101,18.119588494300842,17.054247856140137,0.8555555555555555
45,540,960,89.67125799972564,2.7707901000976562,7.6613688468933105,0.38092613220214844,443520,41.61909222602844,27.360433340072632,20.75667381286621,17.491206526756287,16.45224541425705,0.8555555555555555
46,540,960,83.62151899927994,0.9794591665267944,4.5947418212890625,0.275640606880188,443520,34.674423933029175,18.233901262283325,8.958558738231659,5.886995047330856,5.057268962264061,0.8555555555555555
47,540,960,80.81723999930546,1.1248124837875366,3.133253812789917,0.3999786376953125,443520,42.05627739429474,20.293785631656647,10.470553487539291,7.214556634426117,6.757756322622299,0.8555555555555555
48,540,960,85.99004200004856,1.2189396619796753,3.5439529418945312,0.2616424560546875,443520,32.98611044883728,21.0010826587677,12.306322157382965,8.701298385858536,8.330853283405304,0.8555555555555555
49,540,960,76.03291399937007,5.036153793334961,13.648050308227539,0.44384002685546875,443520,47.32503592967987,35.86805462837219,28.072690963745117,23.79283905029297,22.49797135591507,0.8555555555555555
50,540,960,80.35397699859459,2.0468008518218994,5.057210445404053,0.3702392578125,443520,43.47718358039856,30.100560188293457,20.85001766681671,16.197465360164642,13.518443703651428,0.8555555555555555
51,540,960,75.69245299964678,2.9063310623168945,7.8119940757751465,0.4429898262023926,443520,47.40169644355774,34.80023443698883,23.219922184944153,17.923656105995178,15.700305998325348,0.8555555555555555
52,540,960,79.74159499644884,0.9902503490447998,3.052957773208618,0.25054168701171875,443520,30.518579483032227,16.90588891506195,9.429112821817398,6.765872985124588,6.262626498937607,0.8555555555555555
53,540,960,81.02043000326375,1.693756103515625,5.732792377471924,0.21873939037322998,443520,31.92392587661743,21.35709822177887,13.721591234207153,10.714510828256607,9.914321452379227,0.8555555555555555
54,540,960,79.20698700036155,2.0777299404144287,5.579919338226318,0.20139694213867188,443520,33.823955059051514,23.48552495241165,18.389475345611572,15.844832360744476,14.525613188743591,0.8555555555555555
55,540,960,74.50509799673455,1.8097234964370728,5.679104804992676,0.3497772216796875,443520,41.348305344581604,27.13429033756256,17.08694100379944,12.534046173095703,11.580763012170792,0.8555555555555555
56,540,960,74.26899500205764,1.8350090980529785,5.088605880737305,0.4276580810546875,443520,45.696473121643066,29.488861560821533,18.63839328289032,13.265466690063477,12.535399198532104,0.8555555555555555
57,540,960,79.47079400037182,3.2880702018737793,10.988398551940918,0.4975738525390625,409777,49.88445043563843,34.323301911354065,22.142043709754944,16.508735716342926,13.757726550102234,0.7904648919753087
58,540,960,74.66314500197768,2.654667854309082,9.447991371154785,0.5643081665039062,440798,53.0040979385376,36.631518602371216,23.483772575855255,16.202886402606964,13.74008059501648,0.8503047839506173
59,540,960,77.38105599855771,5.148375988006592,12.516034126281738,0.7061614990234375,437465,57.09713697433472,44.10295784473419,33.540284633636475,28.181225061416626,23.18059802055359,0.8438753858024691
60,540,960,80.13252100136015,2.325260877609253,4.483959197998047,0.7852592468261719,443520,61.57354712486267,44.483450055122375,30.393895506858826,23.06254506111145,22.690972685813904,0.8555555555555555
61,540,960,79.8230260006676,3.4740653038024902,12.363595962524414,0.5491561889648438,395966,51.9812285900116,39.04198706150055,29.04769480228424,23.22421669960022,19.927215576171875,0.7638233024691358
62,540,960,80.4354499996407,1.5843901634216309,3.542599678039551,0.69342041015625,443520,60.71045398712158,37.54802346229553,18.889565765857697,11.719200760126114,9.569354355335236,0.8555555555555555
63,540,960,81.23247699768399,1.9306635856628418,3.030803680419922,1.2674407958984375,443520,75.7517158985138,57.06506967544556,33.8104248046875,19.321563839912415,2.5056367740035057,0.8555555555555555
64,540,960,88.35498999906122,1.0042426586151123,3.086562156677246,0.2541770935058594,443520,30.212166905403137,16.54040366411209,9.529896825551987,6.918741017580032,6.406249850988388,0.8555555555555555
65,540,960,82.53271599824075,1.4586846828460693,5.17385196685791,0.23841214179992676,443520,32.57620930671692,20.813943445682526,13.626667857170105,10.326704382896423,8.66454690694809,0.8555555555555555
66,540,960,75.81253099851892,1.8165987730026245,5.045417308807373,0.14394378662109375,443520,29.331257939338684,21.253381669521332,17.125721275806427,14.615575969219208,13.307629525661469,0.8555555555555555
67,540,960,83.50373500070418,1.8004064559936523,5.541078090667725,0.3350982666015625,443520,40.365034341812134,26.539728045463562,17.160668969154358,12.519615888595581,11.21324822306633,0.8555555555555555
68,540,960,76.06427000064286,1.8396553993225098,5.080875873565674,0.4388618469238281,443520,46.32575809955597,29.141414165496826,17.915990948677063,12.869544327259064,12.159091234207153,0.8555555555555555
69,540,960,82.22396599740023,2.9684367179870605,9.622944831848145,0.4786567687988281,407561,48.9558607339859,33.453887701034546,21.546222269535065,16.18358939886093,13.698317110538483,0.786190200617284
70,540,960,74.73419300004025,1.985107660293579,6.8051438331604,0.43428802490234375,443520,46.38167321681976,31.191152334213257,18.11102032661438,12.03756332397461,9.676677733659744,0.8555555555555555
71,540,960,76.69892999911099,5.048411846160889,12.158087730407715,0.7310943603515625,436090,57.518404722213745,44.637346267700195,33.96890461444855,28.33818793296814,23.461441695690155,0.8412229938271605
72,540,960,79.24670200009132,1.7215617895126343,4.188965797424316,0.42218017578125,443520,45.5278217792511,30.85092008113861,20.33572345972061,14.93348628282547,14.52719122171402,0.8555555555555555
73,540,960,74.11032600066392,3.1459429264068604,9.126830101013184,0.5191841125488281,395156,50.81866383552551,37.94147074222565,29.045996069908142,23.469212651252747,20.28515338897705,0.7622608024691359
74,540,960,76.51829499809537,1.439967155456543,3.5860042572021484,0.5734100341796875,443520,54.68254089355469,31.903183460235596,14.903724193572998,9.381989389657974,8.920003473758698,0.8555555555555555
75,540,960,85.13339300043299,1.0442675352096558,1.4895060062408447,0.7884674072265625,443520,65.24417996406555,40.23042917251587,10.850243270397186,4.515467211604118,0.2069805283099413,0.8555555555555555
76,540,960,74.4936669980234,1.2457317113876343,3.422123670578003,0.42749786376953125,443520,45.2225387096405,23.35790991783142,12.258297204971313,8.125225454568863,7.630772143602371,0.8555555555555555
77,540,960,80.59037200291641,4.030540466308594,9.869516372680664,0.865081787109375,443520,63.388800621032715,46.939483284950256,34.69155728816986,28.942549228668213,25.85791051387787,0.8555555555555555
78,540,960,74.81634600117104,2.345102548599243,5.91900110244751,0.4987030029296875,417365,49.945253133773804,36.33007109165192,24.383214116096497,17.87356436252594,16.74840897321701,0.805102237654321
79,540,960,79.30397199743311,10.184199333190918,19.608837127685547,3.2581787109375,439381,77.95853614807129,67.55412817001343,56.90574049949646,51.24276876449585,41.20979309082031,0.8475713734567901
80,540,960,77.97288000074332,4.32139253616333,10.29867935180664,0.6651153564453125,443520,56.52078986167908,41.24143123626709,30.35579025745392,25.088384747505188,19.840368628501892,0.8555555555555555
81,540,960,77.56415399853722,1.7409855127334595,5.189830303192139,0.30245208740234375,443520,39.67735469341278,25.828823447227478,16.847267746925354,12.573954463005066,10.669417679309845,0.8555555555555555
82,540,960,81.37895400068373,1.9607040882110596,6.851497650146484,0.4476051330566406,443520,47.29211628437042,29.423925280570984,16.178075969219208,10.936146974563599,9.748151153326035,0.8555555555555555
83,540,960,82.84244799870066,2.296635866165161,10.846183776855469,0.33575439453125,443081,38.97481560707092,23.676709830760956,14.835888147354126,11.170869320631027,10.282544046640396,0.8547087191358025
84,540,960,82.74356599940802,1.8295178413391113,5.722174167633057,0.2593231201171875,443520,35.29423773288727,23.548656702041626,16.74918830394745,13.016548752784729,12.654897570610046,0.8555555555555555
85,540,960,76.18741800251883,3.4541211128234863,7.669411659240723,0.8617820739746094,443520,62.59356737136841,46.992018818855286,34.569352865219116,28.038421273231506,25.756898522377014,0.8555555555555555
86,540,960,74.80746899818769,3.088822364807129,9.094290733337402,0.5697402954101562,443520,52.822643518447876,38.03774416446686,24.329455196857452,18.37436854839325,16.47050827741623,0.8555555555555555
87,540,960,80.07269500012626,6.607785224914551,17.184471130371094,0.7702255249023438,443520,58.4311842918396,45.40291428565979,33.315521478652954,26.712211966514587,24.882304668426514,0.8555555555555555
88,540,960,78.52722199822892,1.0450814962387085,2.936835289001465,0.3658599853515625,443520,40.05163311958313,20.503021776676178,10.831529647111893,7.152777910232544,6.638933718204498,0.8555555555555555
89,540,960,74.5530249987496,3.660914182662964,9.428559303283691,0.776458740234375,443520,60.56254506111145,44.22979652881622,31.845688819885254,25.717666745185852,22.67293483018875,0.8555555555555555
90,540,960,84.79840499785496,2.3520891666412354,5.866387844085693,0.5529098510742188,417054,52.371394634246826,37.047719955444336,24.419619143009186,18.063367903232574,17.027291655540466,0.8045023148148148
91,540,960,74.93256000088877,8.67973518371582,19.34006690979004,2.3820953369140625,437138,76.06202363967896,64.93784785270691,52.7657151222229,46.224990487098694,34.548816084861755,0.8432445987654321
92,540,960,79.92909800304915,4.405885219573975,10.426872253417969,0.7131614685058594,443520,58.71617794036865,42.55884885787964,31.78751766681671,26.312002539634705,20.044417679309845,0.8555555555555555
93,540,960,76.66398499713978,1.7910792827606201,5.029816627502441,0.2960968017578125,443520,39.67149257659912,27.969425916671753,18.251262605190277,13.531745970249176,11.068722605705261,0.8555555555555555
94,540,960,79.48940900314483,2.2056679725646973,7.824894428253174,0.42078399658203125,443520,45.67009508609772,28.64425480365753,15.191873908042908,10.296491533517838,9.241297096014023,0.8555555555555555
95,540,960,74.66683999882662,2.21521258354187,8.807668685913086,0.3615379333496094,443067,41.488757729530334,25.896987318992615,15.368330478668213,11.600276827812195,10.55145189166069,0.8546817129629629
96,540,960,79.5680960000027,1.7951817512512207,5.629183292388916,0.2687835693359375,443520,35.22118628025055,23.81899356842041,16.611652076244354,13.016323745250702,12.575532495975494,0.8555555555555555
97,540,960,78.27117000124417,3.0728843212127686,7.469880104064941,0.5974206924438477,443520,54.832249879837036,38.2832795381546,27.71509885787964,22.219741344451904,20.00180333852768,0.8555555555555555
98,540,960,75.98148900069646,3.540806531906128,10.21718692779541,0.6007080078125,443520,53.91572117805481,38.666126132011414,25.25162398815155,19.27737146615982,17.217712104320526,0.8555555555555555
99,540,960,77.18759500130545,6.584064960479736,17.13259506225586,0.780975341796875,443520,58.74481201171875,45.5905020236969,33.36106538772583,26.71063244342804,24.85547512769699,0.8555555555555555
